Date,AAPL,BA,COST,GS,SLB,V,WMT
2023-01-03,123.90462493896484,195.38999938964844,437.8974914550781,329.270263671875,49.59524917602539,204.58349609375,46.69233703613281
2023-01-04,125.18260955810547,203.63999938964844,441.0662536621094,330.6778564453125,49.7878532409668,209.73284912109375,46.744354248046875
2023-01-05,123.85509490966797,204.99000549316406,434.9123840332031,326.93072509765625,50.72196960449219,208.25315856933594,46.58502960205078
2023-01-06,128.41221618652344,213.0,466.4833984375,331.0391845703125,52.484291076660156,214.80328369140625,47.72632598876953
2023-01-09,128.93728637695312,208.57000732421875,462.503173828125,335.7183837890625,53.58212661743164,215.6417999267578,47.131290435791016
2023-01-10,129.51187133789062,206.69000244140625,465.063232421875,339.8649597167969,53.89029312133789,218.09808349609375,47.10203170776367
2023-01-11,132.24615478515625,208.02999877929688,467.87451171875,346.6363830566406,54.23698043823242,219.0944366455078,47.51498031616211
2023-01-12,132.1669158935547,214.32000732421875,466.0583190917969,351.8290710449219,55.8548469543457,220.59384155273438,47.08576965332031
2023-01-13,133.50433349609375,214.1300048828125,468.7825927734375,355.6903076171875,56.124488830566406,220.04141235351562,47.241844177246094
2023-01-17,134.67335510253906,211.41000366210938,470.25103759765625,332.7891540527344,56.29783248901367,219.98223876953125,46.95570373535156
2023-01-18,133.95013427734375,209.41000366210938,463.19879150390625,331.9997863769531,55.01702117919922,216.4901580810547,45.79490280151367
2023-01-19,134.00958251953125,207.08999633789062,453.5574035644531,333.5785827636719,55.25777053833008,217.42730712890625,45.1413459777832
2023-01-20,136.5853271484375,206.75999450683594,463.8170166015625,325.1047668457031,55.2288818359375,221.2744903564453,45.697357177734375
2023-01-23,139.79518127441406,209.97000122070312,475.892822265625,332.04736328125,53.79399108886719,221.14627075195312,46.380184173583984
2023-01-24,141.20193481445312,211.97999572753906,475.4097595214844,331.2769775390625,53.418418884277344,220.8601837158203,46.50373458862305
2023-01-25,140.53819274902344,212.67999267578125,474.2215270996094,332.5133972167969,54.1695671081543,221.85653686523438,46.28263854980469
2023-01-26,142.61863708496094,212.72999572753906,481.3896789550781,337.5919189453125,55.34444046020508,221.6691131591797,46.24036407470703
2023-01-27,144.57025146484375,211.1699981689453,486.2103576660156,336.3841552734375,54.862937927246094,228.30804443359375,46.594791412353516
2023-01-30,141.66757202148438,209.6699981689453,486.2007751464844,339.96002197265625,54.2562370300293,225.9997100830078,46.22085189819336
2023-01-31,142.94554138183594,213.0,493.79400634765625,347.9012451171875,54.8725700378418,227.09466552734375,46.78012466430664
2023-02-01,144.07492065429688,214.75,500.3342590332031,347.8061218261719,53.63991165161133,227.7753143310547,47.04024887084961
2023-02-02,149.4147186279297,209.33999633789062,506.5470886230469,351.382080078125,50.35602951049805,226.45346069335938,46.69883346557617
2023-02-03,153.06040954589844,206.00999450683594,498.1955871582031,351.8385925292969,50.693084716796875,227.01577758789062,46.07779312133789
2023-02-06,150.3162078857422,206.80999755859375,498.9600830078125,352.64697265625,51.126441955566406,226.3350830078125,45.742881774902344
2023-02-07,153.20899963378906,214.75999450683594,499.86981201171875,356.07073974609375,52.142391204833984,228.18963623046875,45.84041976928711
2023-02-08,150.50445556640625,213.5,487.55999755859375,356.7364196777344,52.93579864501953,227.08480834960938,45.59330749511719
2023-02-09,149.46421813964844,211.99000549316406,484.48260498046875,349.97454833984375,52.094017028808594,226.68943786621094,46.01601028442383
2023-02-10,149.83132934570312,212.88999938964844,483.8631896972656,353.1034851074219,54.53228759765625,224.5643768310547,46.731353759765625
2023-02-13,152.64920043945312,215.64999389648438,490.1148681640625,355.7093200683594,55.45148468017578,226.2248992919922,47.443443298339844
2023-02-14,152.00424194335938,218.4499969482422,486.9890441894531,353.5789794921875,54.97737121582031,226.7289581298828,47.3068733215332
2023-02-15,154.1176300048828,217.44000244140625,494.7890930175781,356.0136413574219,54.17428970336914,226.26441955566406,47.65804672241211
2023-02-16,152.51025390625,212.2100067138672,487.8406677246094,352.0763244628906,53.971099853515625,223.2102813720703,46.91019058227539
2023-02-17,151.3593292236328,211.66000366210938,491.11163330078125,350.4595947265625,51.6102294921875,220.9665985107422,47.61577224731445
2023-02-21,147.3210906982422,205.52000427246094,485.5567626953125,343.4408874511719,51.66828918457031,218.0607147216797,47.9051628112793
2023-02-22,147.74774169921875,205.75999450683594,481.3470764160156,343.2221374511719,50.710391998291016,217.4676971435547,46.90043640136719
2023-02-23,148.23390197753906,208.1300048828125,477.2342224121094,345.74237060546875,51.59087371826172,218.56478881835938,46.201351165771484
2023-02-24,145.56491088867188,198.14999389648438,472.85028076171875,346.0372009277344,52.171417236328125,217.0031280517578,46.32490921020508
2023-02-27,146.76547241210938,200.4600067138672,471.3212585449219,347.6349792480469,52.63585662841797,217.79385375976562,45.9900016784668
2023-02-28,146.25942993164062,201.5500030517578,468.56317138671875,334.4344482421875,51.48444747924805,217.3885955810547,46.21434783935547
2023-03-01,144.17584228515625,204.5500030517578,463.2309265136719,331.6375427246094,53.109962463378906,215.82691955566406,45.5705451965332
2023-03-02,144.77117919921875,210.05999755859375,470.02447509765625,334.3865661621094,53.50666427612305,216.518798828125,45.68435287475586
2023-03-03,149.85118103027344,215.11000061035156,459.9308776855469,342.03985595703125,54.17428970336914,221.17416381835938,45.739627838134766
2023-03-06,152.6293487548828,211.9199981689453,467.49859619140625,342.0014953613281,53.55504608154297,224.1195831298828,45.73311996459961
2023-03-07,150.41673278808594,207.9199981689453,469.50189208984375,331.4938659667969,52.28752899169922,220.58111572265625,45.27790832519531
2023-03-08,151.67681884765625,207.1999969482422,470.3631286621094,334.5685729980469,51.803741455078125,219.6125030517578,44.90397644042969
2023-03-09,149.41461181640625,201.24000549316406,464.053466796875,327.6720275878906,50.49751663208008,217.45779418945312,44.60158157348633
2023-03-10,147.34092712402344,203.07000732421875,455.94378662109375,313.8597717285156,49.34611511230469,213.63270568847656,44.53654479980469
2023-03-13,149.29556274414062,203.3699951171875,456.7760009765625,302.2123107910156,47.25615692138672,211.98204040527344,44.6666145324707
2023-03-14,151.39901733398438,207.27999877929688,466.37603759765625,308.57244873046875,47.75929641723633,216.12344360351562,44.90397644042969
2023-03-15,151.79588317871094,198.2100067138672,469.9954528808594,299.0322265625,43.85030746459961,213.86001586914062,45.40471267700195
2023-03-16,154.63357543945312,203.19000244140625,471.5438232421875,301.8099670410156,44.68241882324219,214.92747497558594,45.14679718017578
2023-03-17,153.7902069091797,201.0500030517578,471.3406066894531,290.74676513671875,43.23106384277344,214.86817932128906,45.51245880126953
2023-03-20,156.17147827148438,204.77000427246094,473.50830078125,296.4843444824219,44.721126556396484,215.61935424804688,46.002193450927734
2023-03-21,158.03680419921875,204.6999969482422,475.01800537109375,303.9076843261719,46.714317321777344,219.3752899169922,45.84547805786133
2023-03-22,156.59811401367188,196.16000366210938,471.7954406738281,300.4498291015625,45.86286163330078,217.4874267578125,45.5516357421875
2023-03-23,157.6895294189453,197.89999389648438,472.0277099609375,301.580078125,44.00511932373047,220.0078582763672,45.92056655883789
2023-03-24,158.9992218017578,197.52999877929688,479.2954406738281,299.3962097167969,43.124629974365234,218.47581481933594,46.29602813720703
2023-03-27,157.0446014404297,200.57000732421875,477.31158447265625,305.1050109863281,45.253292083740234,219.23690795898438,47.06980514526367
2023-03-28,156.4195098876953,204.9600067138672,471.06964111328125,305.018798828125,46.09507369995117,217.77407836914062,46.88697052001953
2023-03-29,159.5151824951172,207.97000122070312,475.0373840332031,307.20269775390625,47.120697021484375,220.7096405029297,47.08939743041992
2023-03-30,161.09275817871094,211.0399932861328,475.6277160644531,307.60498046875,47.15940475463867,219.78053283691406,47.559539794921875
2023-03-31,163.6129608154297,212.42999267578125,480.84381103515625,313.3233947753906,47.50772476196289,222.84457397460938,48.140689849853516
2023-04-03,164.87303161621094,215.38999938964844,480.9986877441406,312.75823974609375,50.63298034667969,226.343505859375,48.545528411865234
2023-04-04,164.33724975585938,213.89999389648438,481.6761169433594,309.05133056640625,48.82362365722656,225.01905822753906,48.06886291503906
2023-04-05,162.48182678222656,210.0,481.0954895019531,307.9785461425781,49.055843353271484,225.5231170654297,48.8654899597168
2023-04-06,163.37481689453125,211.3699951171875,470.3050842285156,308.8119201660156,48.010860443115234,223.36842346191406,49.23442840576172
2023-04-10,160.7653350830078,210.77999877929688,477.9018859863281,311.2640075683594,48.41724395751953,223.80332946777344,49.139739990234375
2023-04-11,159.54493713378906,212.32000732421875,482.5664367675781,313.57244873046875,49.481571197509766,225.79989624023438,48.996089935302734
2023-04-12,158.85040283203125,212.33999633789062,473.56640625,316.3214416503906,50.294334411621094,225.1673126220703,48.757747650146484
2023-04-13,164.26779174804688,213.58999633789062,481.83099365234375,318.1318054199219,50.20724868774414,229.99070739746094,48.80672836303711
2023-04-14,163.92051696777344,201.7100067138672,475.45355224609375,322.7199401855469,50.77812194824219,231.30526733398438,48.47697067260742
2023-04-17,163.9403533935547,205.02999877929688,478.00836181640625,325.36358642578125,50.37173843383789,230.7715301513672,48.8165168762207
2023-04-18,165.1707000732422,208.3699951171875,480.8728942871094,319.8367919921875,50.47816848754883,230.89015197753906,48.92426300048828
2023-04-19,166.32162475585938,208.7100067138672,480.03094482421875,322.69122314453125,50.92325210571289,229.8720703125,48.976497650146484
2023-04-20,165.34925842285156,207.22999572753906,489.27288818359375,324.43450927734375,50.2846565246582,231.87857055664062,49.28992462158203
2023-04-21,163.7320098876953,205.14999389648438,490.01812744140625,327.2601623535156,48.185028076171875,231.3349151611328,49.538055419921875
2023-04-24,164.0395965576172,205.77000427246094,494.924560546875,329.46319580078125,48.59140396118164,230.05987548828125,49.87433624267578
2023-04-25,162.49176025390625,202.19000244140625,486.940673828125,325.17205810546875,47.37226486206055,226.92665100097656,49.48582077026367
2023-04-26,162.48182678222656,203.02999877929688,478.7051086425781,322.3751220703125,46.230533599853516,225.5033721923828,49.27033996582031
2023-04-27,167.09552001953125,206.0399932861328,485.1018981933594,327.2027282714844,46.404693603515625,226.35337829589844,49.42378616333008
2023-04-28,168.3556365966797,206.77999877929688,486.9890441894531,328.9651184082031,47.74961853027344,230.0302276611328,49.28992462158203
2023-05-01,168.26632690429688,203.8699951171875,477.6696472167969,326.216064453125,47.55610656738281,229.8127899169922,49.49234390258789
2023-05-02,167.2245330810547,203.25,478.8503112792969,319.3195495605469,44.68241882324219,224.346923828125,49.358489990234375
2023-05-03,166.14303588867188,200.92999267578125,474.2535095214844,314.7984619140625,43.80192565917969,223.3585205078125,49.1756591796875
2023-05-04,164.4959716796875,197.0500030517578,475.51422119140625,307.7199401855469,43.60841369628906,222.98294067382812,49.313297271728516
2023-05-05,172.2152862548828,198.33999633789062,483.9705505371094,313.2371826171875,44.2663688659668,229.0912322998047,49.73934555053711
2023-05-08,172.1457977294922,197.25999450683594,483.9705505371094,312.7486572265625,45.09847640991211,229.53604125976562,50.05069351196289
2023-05-09,170.4293212890625,201.8800048828125,485.64825439453125,311.08197021484375,45.64031219482422,230.55409240722656,50.13589859008789
2023-05-10,172.20533752441406,200.83999633789062,484.55242919921875,308.9555358886719,44.372798919677734,228.587158203125,49.99497985839844
2023-05-11,172.3938446044922,201.83999633789062,486.7149963378906,307.20269775390625,42.70857238769531,228.77532958984375,50.18178176879883
2023-05-12,171.45989990234375,200.6999969482422,488.8291015625,306.03411865234375,42.64084243774414,229.14175415039062,50.165401458740234
2023-05-15,170.963134765625,202.77000427246094,486.8604431152344,308.4958190917969,43.153656005859375,230.55789184570312,49.77539825439453
2023-05-16,170.963134765625,200.8699951171875,481.1485290527344,307.2889099121094,41.84743881225586,228.24057006835938,49.087162017822266
2023-05-17,171.5791473388672,206.8699951171875,480.0332946777344,316.2640075683594,43.05690002441406,230.39947509765625,49.0052375793457
2023-05-18,173.9239501953125,207.24000549316406,483.03961181640625,315.6892395019531,43.395545959472656,231.34027099609375,49.64103317260742
2023-05-19,174.0332489013672,205.49000549316406,481.50738525390625,312.4038391113281,43.80192565917969,231.05308532714844,49.1297721862793
2023-05-22,173.0794219970703,205.91000366210938,476.9979553222656,311.2257385253906,44.50825500488281,229.04270935058594,48.69717025756836
2023-05-23,170.45640563964844,202.60000610351562,470.2095947265625,309.9325866699219,44.566314697265625,222.40753173828125,48.60540771484375
2023-05-24,170.73458862304688,199.27000427246094,468.16339111328125,306.33111572265625,44.730804443359375,220.10008239746094,48.38255310058594
2023-05-25,171.877197265625,200.8699951171875,471.8387451171875,310.2295227050781,43.695499420166016,221.21914672851562,47.900794982910156
2023-05-26,174.30149841308594,203.6300048828125,491.9226379394531,318.01690673828125,43.03754806518555,222.83335876464844,47.986000061035156
2023-05-30,176.1594696044922,204.69000244140625,492.6693115234375,316.8865966796875,42.87306594848633,219.49598693847656,47.868019104003906
2023-05-31,176.10980224609375,205.6999969482422,496.0926208496094,312.61102294921875,41.44105911254883,218.89187622070312,48.133480072021484
2023-06-01,178.9315185546875,207.9600067138672,497.10113525390625,305.37237548828125,43.52133560180664,224.30894470214844,48.31045150756836
2023-06-02,179.78598022460938,213.32000732421875,497.09149169921875,312.36968994140625,45.253292083740234,226.57679748535156,48.77254867553711
2023-06-05,178.42481994628906,208.77999877929688,502.5802917480469,310.5938415527344,44.721126556396484,224.57635498046875,49.093719482421875
2023-06-06,178.05718994140625,207.2899932861328,500.6505432128906,315.409912109375,45.674503326416016,226.0123291015625,49.087162017822266
2023-06-07,176.67613220214844,211.92999267578125,495.7725524902344,324.0480041503906,46.822444915771484,223.0908660888672,49.15926742553711
2023-06-08,179.40846252441406,218.11000061035156,504.3647155761719,323.77777099609375,46.16091537475586,220.892333984375,49.87044143676758
2023-06-09,179.79591369628906,217.30999755859375,501.6396484375,324.30853271484375,46.238746643066406,221.3973846435547,50.17194747924805
2023-06-12,182.60772705078125,221.55999755859375,505.2181396484375,327.6575927734375,45.74259948730469,223.98214721679688,50.502960205078125
2023-06-13,182.1308135986328,220.3800048828125,506.2362976074219,330.562744140625,46.65705871582031,221.23895263671875,50.89623260498047
2023-06-14,182.76670837402344,216.89999389648438,511.25970458984375,326.62493896484375,45.985809326171875,221.27857971191406,51.4107666015625
2023-06-15,184.81344604492188,219.41000366210938,513.1798095703125,327.8988952636719,46.59869384765625,223.98214721679688,51.69260787963867
2023-06-16,183.73046875,219.99000549316406,507.8171691894531,326.5187683105469,46.48195266723633,226.69564819335938,50.97160339355469
2023-06-20,183.81988525390625,212.3699951171875,503.9864807128906,319.19329833984375,45.976078033447266,224.2792510986328,50.52261734008789
2023-06-21,182.7766571044922,212.0800018310547,503.9088439941406,313.7402038574219,46.462493896484375,225.0517120361328,50.62093734741211
2023-06-22,185.7970733642578,205.61000061035156,508.35040283203125,308.4415588378906,45.56748962402344,226.18067932128906,51.043704986572266
2023-06-23,185.4791259765625,205.41000366210938,508.58319091796875,303.7413024902344,45.32427978515625,227.3294677734375,50.948665618896484
2023-06-26,184.0782012939453,205.5800018310547,507.5939636230469,301.4732360839844,46.0733642578125,224.1109161376953,50.81429672241211
2023-06-27,186.8502655029297,209.42999267578125,514.2950439453125,302.5251770019531,46.83217239379883,225.14083862304688,50.630767822265625
2023-06-28,188.0325927734375,210.72000122070312,516.6903076171875,302.7278747558594,47.26995086669922,225.75485229492188,50.906063079833984
2023-06-29,188.37042236328125,211.8300018310547,515.614013671875,311.8292541503906,47.1532096862793,232.05332946777344,50.56193923950195
2023-06-30,192.7222442626953,211.16000366210938,522.1016235351562,311.2983703613281,47.78554916381836,235.1827392578125,51.512359619140625
2023-07-03,191.2219696044922,210.9199981689453,524.6812133789062,315.2265319824219,48.12603759765625,235.6680145263672,51.846641540527344
2023-07-05,190.09922790527344,213.30999755859375,524.7686157226562,308.8951721191406,47.960655212402344,237.13368225097656,51.81714630126953
2023-07-06,190.57611083984375,212.6199951171875,521.1221313476562,302.0909118652344,47.78554916381836,236.5692138671875,51.489418029785156
2023-07-07,189.45339965820312,212.10000610351562,509.1747131347656,304.185302734375,51.900630950927734,234.16270446777344,50.303043365478516
2023-07-10,187.39671325683594,213.30999755859375,511.0754699707031,305.43994140625,52.16329574584961,235.85618591308594,50.758583068847656
2023-07-11,186.87013244628906,218.75999450683594,513.6259155273438,309.69622802734375,54.527278900146484,238.22305297851562,50.683204650878906
2023-07-12,188.5492706298828,217.11000061035156,521.7332763671875,315.0238342285156,55.14016342163086,239.8669891357422,50.8110237121582
2023-07-13,189.31430053710938,216.85000610351562,522.1695556640625,317.22442626953125,55.86005783081055,240.9563446044922,50.512786865234375
2023-07-14,189.46336364746094,213.1199951171875,530.1700439453125,314.8211975097656,55.577945709228516,240.80780029296875,50.68647766113281
2023-07-17,192.7421112060547,211.8699951171875,536.2408447265625,315.7959899902344,54.97478485107422,241.62977600097656,50.74875259399414
2023-07-18,192.48377990722656,211.57000732421875,536.8518676757812,325.5150146484375,55.4320182800293,238.44091796875,50.65699005126953
2023-07-19,193.844970703125,208.60000610351562,537.3560791015625,328.6806945800781,55.80168914794922,239.08462524414062,50.67337417602539
2023-07-20,191.8876495361328,213.61000061035156,540.119873046875,338.63134765625,55.704402923583984,237.3020477294922,51.610679626464844
2023-07-21,190.70529174804688,211.8000030517578,540.9926147460938,339.6929931640625,54.488365173339844,236.93563842773438,51.9023551940918
2023-07-24,191.51010131835938,215.8699951171875,546.8792114257812,346.42010498046875,55.47092819213867,238.4112091064453,52.20713806152344
2023-07-25,192.37448120117188,214.1199951171875,548.1011352539062,342.3374938964844,56.307559967041016,236.38104248046875,52.16453552246094
2023-07-26,193.2488250732422,232.8000030517578,549.0513305664062,345.0977783203125,56.103267669677734,234.80642700195312,52.35134506225586
2023-07-27,191.97705078125,233.75,544.8425903320312,342.15411376953125,55.47092819213867,232.17214965820312,52.1612548828125
2023-07-28,194.5702667236328,238.69000244140625,546.28759765625,340.91876220703125,55.5974006652832,233.469482421875,52.40705871582031
2023-07-31,195.18629455566406,238.85000610351562,543.7177124023438,343.46673583984375,56.75506591796875,235.43031311035156,52.39067077636719
2023-08-01,194.35169982910156,238.00999450683594,538.6749267578125,345.2522888183594,56.044898986816406,237.4604949951172,52.14487838745117
2023-08-02,191.3411865234375,231.3800048828125,535.6493530273438,338.8630065917969,55.9087028503418,235.261962890625,52.18092727661133
2023-08-03,189.9402618408203,231.36000061035156,540.8278198242188,340.8511962890625,56.404850006103516,236.4503631591797,52.194034576416016
2023-08-04,180.81930541992188,231.36000061035156,535.3486328125,340.90911865234375,56.103267669677734,236.6781463623047,51.89252471923828
2023-08-07,177.69952392578125,238.25,541.5260009765625,343.1675720214844,56.39512252807617,239.1737518310547,52.59713363647461
2023-08-08,178.6433868408203,238.0399932861328,539.3053588867188,336.1219787597656,56.920448303222656,236.97523498535156,52.64957809448242
2023-08-09,177.04376220703125,237.86000061035156,542.777099609375,330.7461242675781,57.893280029296875,237.44068908691406,52.73478698730469
2023-08-10,176.8251495361328,238.25999450683594,544.512939453125,328.535888671875,57.31930923461914,238.2840576171875,52.708473205566406
2023-08-11,176.88485717773438,235.72000122070312,545.9385375976562,328.85443115234375,58.02947998046875,238.1649932861328,53.017635345458984
2023-08-14,178.54637145996094,236.7100067138672,544.4935302734375,325.9686279296875,57.903011322021484,241.00265502929688,52.622962951660156
2023-08-15,176.5465850830078,232.25999450683594,541.6229858398438,320.6313781738281,56.74534225463867,237.95663452148438,52.353271484375
2023-08-16,175.67108154296875,229.9499969482422,542.146728515625,317.6393737792969,56.20055389404297,237.42083740234375,52.379581451416016
2023-08-17,173.11416625976562,224.5399932861328,530.5677490234375,316.1048278808594,56.317291259765625,235.51583862304688,51.20542907714844
2023-08-18,173.60166931152344,226.64999389648438,528.46337890625,313.6051025390625,56.453487396240234,236.30960083007812,51.94215393066406
2023-08-21,174.94479370117188,227.22000122070312,526.78564453125,310.8351135253906,55.8795166015625,237.58950805664062,51.80401611328125
2023-08-22,176.3277130126953,230.07000732421875,522.0919799804688,307.6791076660156,54.87750244140625,238.6908416748047,51.63956832885742
2023-08-23,180.19790649414062,228.5800018310547,524.5067138671875,311.095703125,56.317291259765625,240.4073486328125,51.99806594848633
2023-08-24,175.4820556640625,217.30999755859375,516.6076049804688,308.80828857421875,55.24717712402344,237.5994415283203,51.600101470947266
2023-08-25,177.70068359375,223.41000366210938,518.8423461914062,308.99169921875,54.92613983154297,240.6752471923828,51.90597915649414
2023-08-28,179.27264404296875,227.05999755859375,520.9603881835938,314.6088562011719,56.2589225769043,241.9253692626953,52.20198059082031
2023-08-29,183.1826171875,227.25,527.3535766601562,320.9595031738281,56.63832473754883,243.42359924316406,52.639408111572266
2023-08-30,186.69467163085938,228.85000610351562,526.8579711914062,319.772216796875,57.397132873535156,244.30662536621094,53.017635345458984
2023-08-31,186.9135284423828,224.02999877929688,533.6786499023438,318.9255065917969,57.35822296142578,243.76092529296875,53.48137283325195
2023-09-01,188.49545288085938,223.39999389648438,528.7914428710938,318.62384033203125,58.48670959472656,246.17193603515625,53.13932418823242
2023-09-05,188.73422241210938,222.57000732421875,529.2577514648438,315.0716857910156,58.81885528564453,243.42359924316406,52.71176528930664
2023-09-06,181.9788055419922,217.9499969482422,531.1621704101562,312.52191162109375,59.590606689453125,244.23719787597656,53.10643768310547
2023-09-07,176.65602111816406,216.0500030517578,533.0372924804688,313.3296813964844,59.42453384399414,245.20953369140625,53.76422119140625
2023-09-08,177.27285766601562,211.27000427246094,535.5343627929688,316.7942199707031,58.77977752685547,245.35833740234375,53.862892150878906
2023-09-11,178.44686889648438,211.00999450683594,542.9088134765625,315.9475402832031,59.36591720581055,245.28890991210938,54.05036163330078
2023-09-12,175.4024658203125,210.64999389648438,542.9183959960938,322.030029296875,60.665184020996094,245.3682861328125,54.10955810546875
2023-09-13,173.32308959960938,208.39999389648438,543.8609008789062,326.00067138671875,59.21937942504883,245.89413452148438,54.12271499633789
2023-09-14,174.84530639648438,209.0500030517578,548.7286376953125,335.3336181640625,60.17674255371094,239.6135711669922,54.349647521972656
2023-09-15,174.11900329589844,208.11000061035156,540.5574951171875,333.3580322265625,59.1803092956543,239.1869354248047,54.14902877807617
2023-09-18,177.06393432617188,205.1199951171875,546.73681640625,334.1170959472656,59.79574966430664,242.7489013671875,53.74777603149414
2023-09-19,178.15835571289062,204.47999572753906,548.3204956054688,332.7254638671875,59.03377151489258,241.65750122070312,53.734622955322266
2023-09-20,174.59657287597656,202.3699951171875,547.8154296875,327.674560546875,58.40856170654297,239.97076416015625,53.908935546875
2023-09-21,173.04449462890625,199.9499969482422,539.3137817382812,321.3876953125,57.46097183227539,234.76177978515625,53.25443649291992
2023-09-22,173.90013122558594,197.7100067138672,542.7241821289062,319.1007385253906,57.67588806152344,233.24374389648438,53.39586639404297
2023-09-25,175.18357849121094,198.77999877929688,542.7532348632812,320.0252380371094,58.45740509033203,231.53717041015625,53.63266372680664
2023-09-26,171.0845489501953,195.63999938964844,537.2540283203125,315.13983154296875,57.76381301879883,227.85614013671875,53.44519805908203
2023-09-27,169.5623321533203,195.4600067138672,547.52392578125,313.3199462890625,59.395225524902344,227.7073211669922,53.18865966796875
2023-09-28,169.82101440429688,190.42999267578125,552.4789428710938,316.4828186035156,59.53199005126953,229.85044860839844,53.45835494995117
2023-09-29,170.33837890625,191.67999267578125,548.9132080078125,314.8965148925781,56.95298385620117,228.21331787109375,52.599937438964844
2023-10-02,172.8654327392578,187.8300018310547,555.082763671875,309.9624328613281,56.60130310058594,229.4635009765625,52.65584945678711
2023-10-03,171.5222930908203,188.9199981689453,548.990966796875,297.9142761230469,57.25582504272461,227.02272033691406,52.323673248291016
2023-10-04,172.77590942382812,186.72999572753906,555.5589599609375,300.32781982421875,54.54005432128906,229.4138946533203,52.95185470581055
2023-10-05,174.01953125,186.2899932861328,553.3436889648438,302.1768798828125,54.1199951171875,231.65623474121094,52.32038116455078
2023-10-06,176.58641052246094,187.3800048828125,541.6943359375,304.1037902832031,54.41305923461914,233.2040252685547,51.442230224609375
2023-10-09,178.07876586914062,188.49000549316406,543.09326171875,304.23028564453125,56.89437484741211,232.60874938964844,51.254764556884766
2023-10-10,177.4818115234375,193.52999877929688,546.124755859375,306.3323669433594,57.26559066772461,234.7518768310547,51.8336181640625
2023-10-11,178.88462829589844,196.07000732421875,549.457275390625,304.6293029785156,57.40235900878906,233.83905029296875,52.04082107543945
2023-10-12,179.7899932861328,191.3000030517578,547.7667846679688,301.5442810058594,57.021366119384766,234.9304656982422,52.27762222290039
2023-10-13,177.93948364257812,184.91000366210938,550.7398071289062,301.009033203125,57.59773635864258,235.81350708007812,52.567054748535156
2023-10-16,177.8101348876953,184.92999267578125,555.9864501953125,305.9626159667969,58.076416015625,238.1947784423828,53.02092742919922
2023-10-17,176.24813842773438,185.60000610351562,558.02685546875,301.0673828125,58.84816360473633,239.31593322753906,53.08999252319336
2023-10-18,174.94479370117188,185.69000244140625,558.3182983398438,293.86578369140625,59.1900749206543,235.6150665283203,53.129459381103516
2023-10-19,174.5667266845703,182.7899932861328,549.5641479492188,291.1700134277344,58.58440399169922,231.983642578125,52.8762092590332
2023-10-20,171.9998779296875,180.0399932861328,537.2249145507812,292.0069580078125,56.86506271362305,231.55702209472656,52.21513366699219
2023-10-23,172.11924743652344,181.02999877929688,536.60302734375,291.19921875,57.480506896972656,229.72145080566406,52.955142974853516
2023-10-24,172.55699157714844,182.36000061035156,536.1658935546875,291.1603088378906,55.683021545410156,232.8170928955078,53.69186782836914
2023-10-25,170.22891235351562,177.72999572753906,534.3683471679688,288.8052062988281,55.311798095703125,234.99989318847656,53.530704498291016
2023-10-26,166.04034423828125,179.08999633789062,532.0463256835938,289.02899169921875,54.57912826538086,229.47341918945312,53.205108642578125
2023-10-27,167.3635711669922,179.69000244140625,527.6061401367188,282.1387939453125,54.54005432128906,227.4791259765625,53.00777053833008
2023-10-30,169.42303466796875,182.35000610351562,539.1195678710938,292.76605224609375,55.096885681152344,231.2593536376953,53.61621856689453
2023-10-31,169.90060424804688,186.82000732421875,536.7489013671875,295.4715270996094,54.37398147583008,233.26358032226562,53.74448776245117
2023-11-01,173.0843048095703,189.3800048828125,540.9849243164062,298.9264221191406,54.56936264038086,236.71640014648438,54.22467803955078
2023-11-02,176.66598510742188,192.00999450683594,541.1698608398438,305.3494873046875,56.03470230102539,241.3499298095703,54.438453674316406
2023-11-03,175.7506561279297,195.0500030517578,545.96875,318.83795166015625,55.55602264404297,241.69717407226562,54.15560531616211
2023-11-06,178.31752014160156,192.9499969482422,554.6511840820312,315.2273864746094,55.17503356933594,241.58804321289062,54.22796630859375
2023-11-07,180.89434814453125,191.41000366210938,556.0626220703125,315.2663269042969,52.09782028198242,242.85806274414062,54.4812126159668
2023-11-08,181.95889282226562,191.8300018310547,552.2761840820312,315.8599853515625,51.70705795288086,242.51998901367188,54.03720474243164
2023-11-09,181.48133850097656,193.3300018310547,548.275634765625,312.1813049316406,51.521453857421875,240.26290893554688,53.9122200012207
2023-11-10,185.6953582763672,196.64999389648438,561.7569580078125,316.7845153808594,52.06850814819336,243.8523406982422,54.6588134765625
2023-11-13,184.10140991210938,204.5399932861328,562.8373413085938,318.14697265625,52.75233840942383,243.27565002441406,55.14886474609375
2023-11-14,186.73141479492188,207.47000122070312,575.0726928710938,329.64044189453125,53.0942497253418,245.53271484375,55.13899612426758
2023-11-15,187.29925537109375,208.7100067138672,580.8936157226562,328.5504455566406,52.439727783203125,246.69602966308594,55.839542388916016
2023-11-16,188.9928436279297,206.60000610351562,563.1780395507812,327.6453857421875,50.906005859375,247.15341186523438,51.3205451965332
2023-11-17,188.97291564941406,208.0399932861328,561.7861328125,330.0978088378906,51.628902435302734,248.13778686523438,51.09360885620117
2023-11-20,190.7262420654297,217.7100067138672,565.3389282226562,330.3508605957031,51.521453857421875,248.54544067382812,51.07716369628906
2023-11-21,189.91932678222656,218.27000427246094,568.7457275390625,325.9909362792969,51.50191116333008,250.7925567626953,51.2613410949707
2023-11-22,190.5867919921875,219.91000366210938,573.3984985351562,329.56256103515625,51.3065299987793,252.27406311035156,50.869964599609375
2023-11-24,189.25184631347656,220.0,575.6177978515625,330.058837890625,51.38467788696289,252.8507843017578,51.327125549316406
2023-11-27,189.07252502441406,219.3000030517578,579.0636596679688,328.6574401855469,51.335838317871094,252.69166564941406,51.560638427734375
2023-11-28,189.6802215576172,222.3699951171875,578.1875610351562,328.59906005859375,51.10138702392578,251.49850463867188,52.17566680908203
2023-11-29,188.6541290283203,224.42999267578125,572.2110595703125,333.8582458496094,50.671546936035156,252.78115844726562,51.333702087402344
2023-11-30,189.23191833496094,231.6300048828125,576.9611206054688,335.1141662597656,50.837623596191406,255.2172088623047,51.20542907714844
2023-12-01,190.51705932617188,233.8699951171875,580.377685546875,341.8745422363281,51.179534912109375,254.98854064941406,50.76142501831055
2023-12-04,188.71388244628906,234.8699951171875,583.13232421875,342.81646728515625,50.827850341796875,252.98997497558594,50.74827194213867
2023-12-05,192.68881225585938,234.16000366210938,589.2354125976562,335.32025146484375,49.67936706542969,253.15899658203125,51.21858215332031
2023-12-06,191.59298706054688,236.88999938964844,591.260009765625,335.53607177734375,48.226585388183594,252.8408203125,50.66276168823242
2023-12-07,193.53561401367188,237.3300018310547,594.6863403320312,338.13623046875,47.56890106201172,254.36212158203125,50.32933807373047
2023-12-08,194.97015380859375,244.6999969482422,594.5208740234375,344.2293395996094,47.90264892578125,254.2825469970703,49.80115509033203
2023-12-11,192.44970703125,248.0800018310547,607.252685546875,345.14190673828125,48.2462158203125,255.05810546875,49.92660140991211
2023-12-12,193.9739532470703,248.6300048828125,612.7426147460938,345.97589111328125,48.13823699951172,258.080810546875,49.966217041015625
2023-12-13,197.21165466308594,250.91000366210938,624.9097290039062,355.9054870605469,48.28547668457031,260.88470458984375,50.85422134399414
2023-12-14,197.361083984375,256.239990234375,613.9884643554688,376.2552795410156,51.456085205078125,257.25555419921875,50.233604431152344
2023-12-15,196.8231201171875,264.2699890136719,641.2820434570312,373.3509826660156,51.23031234741211,256.55950927734375,50.42177200317383
2023-12-18,195.1494598388672,260.4100036621094,663.105224609375,369.31829833984375,51.31865692138672,256.8975830078125,51.157928466796875
2023-12-19,196.1955108642578,263.510009765625,659.6984252929688,375.2544860839844,52.00578689575195,258.5083312988281,51.342796325683594
2023-12-20,194.09349060058594,260.25,643.404052734375,370.417236328125,51.58369445800781,255.6447296142578,50.74198532104492
2023-12-21,193.94403076171875,262.0199890136719,647.4532470703125,373.4098815917969,51.61314392089844,258.0609130859375,51.101806640625
2023-12-22,192.86814880371094,260.44000244140625,653.7218017578125,373.4883117675781,52.10395050048828,256.95721435546875,51.7125244140625
2023-12-26,192.32022094726562,262.7900085449219,656.6614379882812,374.4302673339844,52.69291305541992,257.6830749511719,51.63329315185547
2023-12-27,192.41983032226562,262.1000061035156,663.8092041015625,377.24627685546875,52.054866790771484,257.4543762207031,52.11856460571289
2023-12-28,192.84820556640625,260.3500061035156,660.125732421875,379.1399841308594,51.279396057128906,258.916015625,52.016231536865234
2023-12-29,191.80218505859375,260.6600036621094,657.1194458007812,378.51202392578125,51.083072662353516,258.8663024902344,52.04263687133789
