Date,COST,JNJ,KO,PFE,PG,T,WMT
2020-01-02,268.24407958984375,128.083740234375,47.45193099975586,30.443782806396484,109.72232818603516,20.32438087463379,36.86407470703125
2020-01-03,268.4649353027344,126.60077667236328,47.19306564331055,30.280439376831055,108.9843978881836,20.42898178100586,36.538639068603516
2020-01-06,268.5386047363281,126.44287109375,47.17580032348633,30.24155044555664,109.13553619384766,20.44990348815918,36.46424865722656
2020-01-07,268.115234375,127.21504974365234,46.8133659362793,30.140430450439453,108.45982360839844,20.528352737426758,36.12641525268555
2020-01-08,271.18890380859375,127.19747924804688,46.899658203125,30.381553649902344,108.92215728759766,20.59111785888672,36.00244140625
2020-01-09,275.54168701171875,127.57479095458984,47.75395202636719,30.249330520629883,110.11353302001953,20.654186248779297,36.37437057495117
2020-01-10,273.5354919433594,127.2852783203125,47.917903900146484,30.71601676940918,110.22022247314453,20.531753540039062,36.07062530517578
2020-01-13,275.955810546875,127.8468246459961,48.43566131591797,30.653789520263672,111.02928161621094,20.28156089782715,35.91566467285156
2020-01-14,275.84539794921875,128.5663604736328,48.3234748840332,31.167156219482422,110.86036682128906,20.2762393951416,36.00864028930664
2020-01-15,276.830078125,128.99627685546875,48.92752456665039,31.633834838867188,111.98951721191406,20.15912628173828,35.72969436645508
2020-01-16,278.8638000488281,130.04049682617188,49.03107833862305,31.58717918395996,112.0873031616211,20.244295120239258,35.921852111816406
2020-01-17,280.3821716308594,130.89161682128906,49.134620666503906,31.509387969970703,112.38959503173828,20.430612564086914,35.63051986694336
2020-01-21,288.2779541015625,130.97938537597656,49.33309555053711,31.377168655395508,112.10509490966797,20.505136489868164,35.825782775878906
2020-01-22,287.01727294921875,130.08436584472656,49.71278762817383,31.26049041748047,112.30068969726562,20.781946182250977,35.98385238647461
2020-01-23,287.9283447265625,130.33004760742188,49.902626037597656,31.664955139160156,111.78731536865234,20.56369400024414,35.89397430419922
2020-01-24,285.7473449707031,130.1457977294922,49.77317810058594,30.972694396972656,111.92147827148438,20.494489669799805,35.44765090942383
2020-01-27,284.7718505859375,130.52305603027344,49.6005973815918,31.237150192260742,112.41338348388672,20.36141014099121,35.909461975097656
2020-01-28,286.0602111816406,131.18116760253906,49.19502639770508,29.66596031188965,112.71746063232422,20.537076950073242,36.138816833496094
2020-01-29,284.8914489746094,132.09375,49.19502639770508,29.230382919311523,111.84991455078125,19.722620010375977,35.918758392333984
2020-01-30,284.790283203125,131.93577575683594,50.79143524169922,29.12822914123535,112.64591217041016,19.924903869628906,36.13262176513672
2020-01-31,281.15521240234375,130.62835693359375,50.39448547363281,29.26181983947754,111.45640563964844,20.026046752929688,35.48484802246094
2020-02-03,277.9159851074219,131.76905822753906,50.54981994628906,29.473974227905273,111.8946533203125,19.67470932006836,35.416656494140625
2020-02-04,280.58465576171875,133.0238800048828,50.774169921875,29.615415573120117,112.38655853271484,20.0313663482666,35.726600646972656
2020-02-05,284.31170654296875,135.12098693847656,50.782798767089844,29.992572784423828,113.41506958007812,20.127182006835938,36.20389938354492
2020-02-06,286.4419250488281,134.71737670898438,50.903621673583984,30.06328773498535,113.71022033691406,20.462549209594727,36.048927307128906
2020-02-07,289.22698974609375,133.27835083007812,51.076194763183594,29.89828109741211,112.76217651367188,20.467872619628906,36.09232711791992
2020-02-10,289.3745422363281,133.25201416015625,51.559425354003906,29.709697723388672,112.84266662597656,20.409317016601562,35.720401763916016
2020-02-11,286.5064697265625,133.3660888671875,51.42136001586914,29.92971420288086,111.04499816894531,20.318822860717773,35.76689147949219
2020-02-12,290.60107421875,132.57638549804688,51.26603698730469,29.65469741821289,110.40997314453125,20.249622344970703,35.906368255615234
2020-02-13,293.4413757324219,131.69886779785156,51.43861389160156,29.018224716186523,111.760498046875,20.393348693847656,36.399166107177734
2020-02-14,293.5429382324219,131.73397827148438,51.732017517089844,28.688207626342773,112.81584167480469,20.36141014099121,36.538639068603516
2020-02-18,296.9918518066406,130.8652801513672,51.36958312988281,28.538915634155273,111.67998504638672,20.36673355102539,37.07792663574219
2020-02-19,297.8863220214844,130.68984985351562,51.57668685913086,28.468189239501953,112.18980407714844,20.462549209594727,36.473548889160156
2020-02-20,298.86383056640625,130.18963623046875,51.533546447753906,28.169605255126953,113.20938110351562,20.553043365478516,36.476646423339844
2020-02-21,296.8996276855469,131.5585174560547,51.887332916259766,28.067453384399414,113.31668853759766,20.521106719970703,36.752498626708984
2020-02-24,289.2177429199219,128.8474884033203,50.6102180480957,27.242408752441406,110.27584075927734,20.254945755004883,36.052032470703125
2020-02-25,281.1486511230469,127.73484802246094,49.893985748291016,26.660940170288086,108.60335540771484,19.88231658935547,35.453861236572266
2020-02-26,281.9047546386719,126.87825775146484,49.70414352416992,27.28169059753418,107.46751403808594,19.749238967895508,35.26478958129883
2020-02-27,270.3220520019531,122.85149383544922,47.40015411376953,26.794519424438477,101.51102447509766,19.01995086669922,34.21719741821289
2020-02-28,259.2649841308594,118.75411224365234,46.15755081176758,26.26020050048828,101.26953125,18.74846649169922,33.37416076660156
2020-03-02,285.08642578125,123.64625549316406,48.25444412231445,27.40741539001465,106.93087768554688,19.791820526123047,35.91566467285156
2020-03-03,279.1750793457031,119.73426818847656,48.37525939941406,26.951671600341797,105.68771362304688,19.323375701904297,34.99514389038086
2020-03-04,295.7837219238281,126.70162963867188,50.84320068359375,28.60177993774414,111.34908294677734,20.324146270751953,36.19150161743164
2020-03-05,291.1912841796875,125.40355682373047,48.962039947509766,27.863155364990234,108.78224182128906,19.791820526123047,35.928070068359375
2020-03-06,287.11517333984375,125.42120361328125,47.684913635253906,27.517419815063477,108.80906677246094,19.711971282958984,36.334075927734375
2020-03-09,278.4834899902344,120.48489379882812,44.75099563598633,26.527359008789062,103.80059051513672,18.46633529663086,36.3123779296875
2020-03-10,285.3261413574219,125.07682800292969,46.30424499511719,27.17954444885254,107.8163070678711,19.08382797241211,37.12752151489258
2020-03-11,274.28753662109375,116.38748931884766,45.053016662597656,25.277996063232422,99.80274963378906,18.375839233398438,35.46626281738281
2020-03-12,258.0754089355469,110.74472045898438,40.69527053833008,23.588605880737305,91.08263397216797,16.67772674560547,32.24909591674805
2020-03-13,278.7508544921875,118.58634185791016,42.1925163269043,25.702308654785156,102.02080535888672,18.349224090576172,35.36397933959961
2020-03-16,261.146240234375,112.26358795166016,39.398250579833984,23.71432876586914,97.03915405273438,16.93324089050293,33.089027404785156
2020-03-17,283.1036071777344,120.61734771728516,41.06958770751953,25.270137786865234,105.75031280517578,17.96062660217285,36.9632568359375
2020-03-18,283.5739440917969,119.177978515625,39.041351318359375,25.42728614807129,105.04376983642578,17.486854553222656,37.992244720458984
2020-03-19,281.4714660644531,112.19296264648438,36.412479400634766,23.90291404724121,99.123046875,16.5819034576416,37.18594741821289
2020-03-20,267.8229064941406,105.8702392578125,33.339656829833984,22.794984817504883,91.6103286743164,15.14462947845459,35.479984283447266
2020-03-23,263.31341552734375,98.1434326171875,32.69549560546875,22.386384963989258,87.37995910644531,14.250325202941895,35.57648849487305
2020-03-24,262.7692565917969,105.24325561523438,34.34071731567383,23.3371639251709,92.36160278320312,14.952993392944336,35.80995559692383
2020-03-25,259.0067443847656,105.43753051757812,36.22097396850586,23.376445770263672,90.25981903076172,15.118013381958008,34.05729675292969
2020-03-26,269.5566101074219,111.76908111572266,38.553871154785156,24.947978973388672,96.03744506835938,16.28912353515625,34.18803405761719
2020-03-27,262.206787109375,108.75784301757812,37.26555633544922,24.28007698059082,98.53274536132812,15.884561538696289,34.11332321166992
2020-03-30,268.4684143066406,117.45599365234375,39.17192077636719,25.67087745666504,102.85256958007812,16.092166900634766,35.85978317260742
2020-03-31,262.94451904296875,115.79584503173828,38.5190544128418,25.647302627563477,98.38072204589844,15.517257690429688,35.37101745605469
2020-04-01,264.4660949707031,113.74713897705078,36.66492462158203,24.947978973388672,97.78150177001953,14.931697845458984,35.532894134521484
2020-04-02,268.8005065917969,117.5796127319336,38.257911682128906,25.82802963256836,102.31594848632812,15.309649467468262,36.93690872192383
2020-04-03,266.1905822753906,118.48036193847656,38.15345001220703,26.433067321777344,102.92410278320312,14.617630958557129,37.1953010559082
2020-04-06,281.3790588378906,123.41665649414062,40.62563705444336,27.1638240814209,105.3657455444336,15.671630859375,39.24683380126953
2020-04-07,280.00506591796875,121.40327453613281,40.48635482788086,26.409496307373047,100.85812377929688,16.01231575012207,37.9766845703125
2020-04-08,282.16302490234375,126.50736999511719,41.62669372558594,27.187400817871094,102.94200134277344,16.283889770507812,37.92998123168945
2020-04-09,276.6667785644531,124.7147445678711,42.65386962890625,27.808155059814453,102.5484848022461,16.741512298583984,37.91753387451172
2020-04-13,276.3070983886719,123.4255142211914,40.851966857910156,27.61171531677246,103.70220947265625,16.447324752807617,39.007110595703125
2020-04-14,289.69732666015625,128.9534454345703,42.584228515625,28.633207321166992,108.1830062866211,16.959434509277344,40.15896224975586
2020-04-15,286.12847900390625,130.39285278320312,41.44389343261719,28.263898849487305,108.41554260253906,16.39284324645996,40.08424758911133
2020-04-16,296.53997802734375,132.16778564453125,40.99993896484375,28.193178176879883,108.66597747802734,16.43098258972168,41.19563293457031
2020-04-17,293.1831970214844,134.24301147460938,41.83561706542969,29.002511978149414,111.51901245117188,17.0139102935791,41.1302604675293
2020-04-20,287.7975158691406,133.93392944335938,40.50376510620117,28.350324630737305,107.86103057861328,16.877710342407227,40.423583984375
2020-04-21,277.884033203125,132.1766357421875,39.50271224975586,27.98887825012207,107.0382080078125,16.272991180419922,40.22434616088867
2020-04-22,285.3446044921875,135.09954833984375,39.76385498046875,28.483911514282227,106.78779602050781,16.055070877075195,40.96526336669922
2020-04-23,281.6373291015625,137.3248748779297,39.232852935791016,28.829641342163086,107.49994659423828,16.0714168548584,40.01264953613281
2020-04-24,286.38665771484375,136.7509002685547,39.54623031616211,29.3718318939209,106.9417495727539,16.185823440551758,40.29594421386719
2020-04-27,284.75439453125,136.2475128173828,40.72138977050781,30.118288040161133,105.74430847167969,16.638002395629883,39.941043853759766
2020-04-28,281.2223205566406,133.68667602539062,40.68657302856445,29.788267135620117,105.2401123046875,16.69792938232422,39.84765625
2020-04-29,283.1959228515625,132.671142578125,41.01734924316406,29.953283309936523,105.41118621826172,17.122873306274414,38.47789001464844
2020-04-30,280.0625,132.4945526123047,39.9466552734375,30.14187240600586,106.12244415283203,16.599864959716797,37.8397102355957
2020-05-01,279.0643005371094,130.9491424560547,39.6942138671875,29.576126098632812,105.1771011352539,16.289335250854492,38.26620101928711
2020-05-04,281.43975830078125,130.93150329589844,39.293792724609375,29.56040382385254,104.23174285888672,16.125898361206055,38.5090217590332
2020-05-05,284.6100769042969,132.01766967773438,39.52012252807617,30.259733200073242,104.44783020019531,16.202163696289062,38.829681396484375
2020-05-06,285.506591796875,130.76376342773438,38.95429992675781,30.259733200073242,101.82785034179688,15.684613227844238,38.38449478149414
2020-05-07,281.91107177734375,130.33103942871094,38.82372283935547,29.33123016357422,100.99052429199219,15.739093780517578,38.112464904785156
2020-05-08,282.77996826171875,131.3112030029297,40.138160705566406,29.53755760192871,104.393798828125,16.229406356811523,38.44078063964844
2020-05-11,286.8375549316406,131.67324829101562,39.64198303222656,30.235929489135742,103.81758880615234,16.00604248046875,38.669036865234375
2020-05-12,281.76318359375,129.93365478515625,39.015228271484375,29.648662567138672,103.13333892822266,15.739093780517578,38.703433990478516
2020-05-13,279.2676086425781,129.92483520507812,38.249202728271484,29.402652740478516,102.56611633300781,15.303257942199707,38.68154525756836
2020-05-14,277.0492858886719,130.3751678466797,38.04029083251953,30.093082427978516,102.46707153320312,15.570209503173828,38.59086608886719
2020-05-15,276.55938720703125,132.84776306152344,37.65726852416992,29.96610450744629,103.18736267089844,15.423111915588379,39.378814697265625
2020-05-18,279.8406677246094,132.91842651367188,39.14580535888672,30.212120056152344,104.62789154052734,16.044179916381836,39.9166259765625
2020-05-19,281.56915283203125,131.5938262939453,38.77149963378906,29.902618408203125,101.233642578125,15.777230262756348,39.069271087646484
2020-05-20,281.827880859375,130.41049194335938,39.9466552734375,29.86293601989746,101.98990631103516,16.120450973510742,39.22560501098633
2020-05-21,279.1104736328125,129.55393981933594,39.31989288330078,29.56930923461914,100.49536895751953,16.2185115814209,39.08177185058594
2020-05-22,279.53558349609375,128.371337890625,39.19803237915039,29.759765625,101.37770080566406,16.278438568115234,38.875404357910156
2020-05-26,281.7261962890625,128.540283203125,40.120758056640625,29.751829147338867,100.86448669433594,16.790544509887695,38.72843933105469
2020-05-27,282.8446044921875,128.83372497558594,40.6778678894043,29.68834686279297,102.53910827636719,17.351686477661133,38.29694747924805
2020-05-28,286.1258544921875,130.68319702148438,40.99124526977539,30.29941177368164,104.49283599853516,16.921295166015625,38.6752815246582
2020-05-29,285.118408203125,132.26593017578125,40.634334564208984,30.307348251342773,104.36678314208984,16.81233787536621,38.79098129272461
2020-06-01,284.9520263671875,130.87881469726562,40.904197692871094,28.14084243774414,105.56424713134766,16.85047149658203,38.759708404541016
2020-06-02,283.8428955078125,131.8213348388672,40.82583999633789,28.69635009765625,106.29350280761719,16.883163452148438,38.75345993041992
2020-06-03,283.42694091796875,132.17701721191406,41.69633865356445,28.69635009765625,106.71666717529297,17.16645622253418,38.606502532958984
2020-06-04,287.22576904296875,130.46978759765625,41.713748931884766,28.577316284179688,104.48383331298828,17.324443817138672,38.18125915527344
2020-06-05,288.41815185546875,130.9766387939453,42.73222351074219,28.56144142150879,106.53660583496094,17.852893829345703,38.00928497314453
2020-06-08,283.935302734375,130.50538635253906,43.39377975463867,29.03759765625,107.1848373413086,18.103500366210938,37.90922927856445
2020-06-09,282.4193420410156,129.78512573242188,42.65386962890625,28.736038208007812,106.54560852050781,17.771175384521484,37.9436149597168
2020-06-10,284.06463623046875,131.42123413085938,42.32307434082031,28.505889892578125,107.34690856933594,17.50967025756836,37.88420867919922
2020-06-11,278.0567626953125,125.25918579101562,39.64198303222656,26.426677703857422,104.67292022705078,16.43642807006836,37.54964828491211
2020-06-12,276.0880126953125,126.3973388671875,40.05482864379883,26.783796310424805,104.0967025756836,16.6162109375,36.814842224121094
2020-06-15,274.6830749511719,125.59707641601562,40.669708251953125,26.474294662475586,105.06006622314453,16.6162109375,36.92116165161133
2020-06-16,278.54656982421875,128.45135498046875,41.082550048828125,26.50603485107422,106.35652923583984,16.768753051757812,37.41205978393555
2020-06-17,276.92913818359375,128.06007385253906,40.915653228759766,26.63300895690918,106.17646789550781,16.485458374023438,37.218204498291016
2020-06-18,276.8921203613281,127.5177001953125,41.27580261230469,26.379058837890625,107.39191436767578,16.53449249267578,36.893028259277344
2020-06-19,277.1971130371094,127.8911361694336,40.423763275146484,26.52190589904785,107.06779479980469,16.512699127197266,37.474605560302734
2020-06-22,277.70550537109375,127.49990844726562,40.17780303955078,26.275896072387695,106.01439666748047,16.40374183654785,38.04679870605469
2020-06-23,278.4819030761719,127.02865600585938,40.089962005615234,26.006071090698242,105.99639129638672,16.480009078979492,37.85607147216797
2020-06-24,275.4595031738281,124.3255615234375,39.22035598754883,25.545787811279297,104.81695556640625,16.027833938598633,37.61530685424805
2020-06-25,277.77947998046875,124.1921615600586,39.466304779052734,25.648954391479492,106.14044189453125,16.191274642944336,37.43083190917969
2020-06-26,274.10992431640625,122.53829193115234,38.27168655395508,25.42674446105957,103.74555206298828,15.842604637145996,36.99620056152344
2020-06-29,278.75921630859375,123.63197326660156,38.96562957763672,25.902904510498047,105.9333724975586,16.29477882385254,37.22758102416992
2020-06-30,280.25653076171875,125.04579162597656,39.246707916259766,25.950517654418945,107.65301513671875,16.469118118286133,37.45270919799805
2020-07-01,281.6800537109375,124.82349395751953,39.36968231201172,26.775859832763672,108.02214813232422,16.289335250854492,37.424564361572266
2020-07-02,282.5950012207031,125.34809112548828,39.42238235473633,27.386919021606445,108.83244323730469,16.38739585876465,37.27448654174805
2020-07-06,287.9097900390625,127.13533020019531,39.729820251464844,27.386919021606445,109.50769805908203,16.61076545715332,37.1744384765625
2020-07-07,292.29095458984375,127.0197982788086,39.71225357055664,27.005998611450195,110.03890228271484,16.51814842224121,39.69462203979492
2020-07-08,292.3741149902344,127.39324951171875,39.58927917480469,26.783796310424805,110.64212036132812,16.594419479370117,38.9098014831543
2020-07-09,300.8961486816406,126.69966888427734,38.570343017578125,26.55364990234375,110.2729721069336,16.46537208557129,39.944766998291016
2020-07-10,301.5339660644531,126.59297943115234,39.65955352783203,26.847280502319336,111.5424575805664,16.794231414794922,40.86091995239258
2020-07-13,298.4745788574219,129.11825561523438,39.74738693237305,27.942440032958984,111.68650817871094,16.587997436523438,40.49821090698242
2020-07-14,303.169921875,131.52793884277344,40.291996002197266,27.95830726623535,112.62286376953125,16.69947624206543,41.27677536010742
2020-07-15,301.9683837890625,131.83026123046875,40.75754928588867,28.3471736907959,112.0916519165039,16.727346420288086,41.273658752441406
2020-07-16,301.5709228515625,132.71055603027344,40.53794860839844,28.251943588256836,112.32575225830078,16.939159393310547,41.3361930847168
2020-07-17,300.2029113769531,132.79945373535156,41.126468658447266,28.767778396606445,113.10903930664062,16.861120223999023,41.192352294921875
2020-07-20,301.792724609375,133.0217742919922,40.5115966796875,28.966175079345703,112.7579116821289,16.638164520263672,41.107933044433594
2020-07-21,302.9295959472656,133.146240234375,41.46025848388672,29.116960525512695,112.6048583984375,16.861120223999023,41.37683868408203
2020-07-22,303.44720458984375,133.38632202148438,42.5846061706543,30.60097312927246,113.56819915771484,16.81095314025879,41.48001480102539
2020-07-23,301.4229736328125,133.03067016601562,42.408931732177734,30.48194122314453,114.30298614501953,16.666032791137695,41.16108703613281
2020-07-24,301.1180114746094,131.70574951171875,42.59339904785156,29.886741638183594,114.12178039550781,16.482093811035156,41.0360221862793
2020-07-27,302.80023193359375,130.86990356445312,42.5846061706543,29.79151153564453,114.44795227050781,16.326025009155273,41.02663803100586
2020-07-28,302.7725524902344,130.55873107910156,42.32108688354492,30.96603012084961,115.86134338378906,16.548986434936523,41.198612213134766
2020-07-29,301.4507751464844,130.3008575439453,42.180545806884766,31.156494140625,116.25092315673828,16.476518630981445,40.864036560058594
2020-07-30,300.8764343261719,130.56761169433594,41.89067840576172,31.044309616088867,119.06865692138672,16.482093811035156,40.685821533203125
2020-07-31,301.5340576171875,129.6072998046875,41.49540710449219,30.835952758789062,118.79683685302734,16.487667083740234,40.460693359375
2020-08-03,305.04473876953125,131.02110290527344,40.669708251953125,30.73177719116211,118.95085144042969,16.509960174560547,40.429420471191406
2020-08-04,314.7428283691406,130.9054718017578,41.01228332519531,30.76383399963379,121.21587371826172,16.727346420288086,41.16108703613281
2020-08-05,314.90966796875,131.9547576904297,41.47783660888672,30.811914443969727,120.89879608154297,16.638164520263672,40.588890075683594
2020-08-06,318.0035095214844,131.19894409179688,41.706214904785156,30.66767120361328,120.23741912841797,16.632591247558594,40.44505310058594
2020-08-07,315.7804260253906,132.132568359375,41.987300872802734,30.811914443969727,120.99845886230469,16.732913970947266,40.638912200927734
2020-08-10,314.93743896484375,131.625732421875,41.917030334472656,30.76383399963379,121.49676513671875,16.833251953125,41.23612594604492
2020-08-11,307.9254455566406,130.68319702148438,42.101497650146484,30.28302001953125,120.70854187011719,16.833251953125,40.71083068847656
2020-08-12,311.93621826171875,133.0751190185547,42.54069137573242,30.71575164794922,122.72891998291016,16.822101593017578,41.2392578125
2020-08-13,310.9544372558594,131.5990753173828,42.496768951416016,30.587539672851562,123.01885986328125,16.671607971191406,41.396244049072266
2020-08-14,311.49163818359375,131.81246948242188,42.558250427246094,30.499385833740234,122.40278625488281,16.727346420288086,41.631717681884766
2020-08-17,314.9004211425781,132.47938537597656,42.34743881225586,30.73177719116211,122.76518249511719,16.638164520263672,42.573612213134766
2020-08-18,315.6322021484375,133.4574432373047,42.53190231323242,30.739791870117188,123.68023681640625,16.604721069335938,42.29417419433594
2020-08-19,315.7711486816406,133.7241973876953,41.60959243774414,30.659658432006836,123.00979614257812,16.57127571105957,41.57206344604492
2020-08-20,315.74334716796875,134.64004516601562,41.59202575683594,31.028284072875977,123.9883041381836,16.53783416748047,40.99436569213867
2020-08-21,319.2076110839844,135.83154296875,41.53053665161133,31.156497955322266,124.52285766601562,16.548986434936523,41.327171325683594
2020-08-24,318.7630310058594,136.18960571289062,42.136634826660156,31.124439239501953,125.49230194091797,16.738492965698242,41.232975006103516
2020-08-25,319.3002624511719,136.10903930664062,42.08393096923828,30.779861450195312,125.9906005859375,16.666032791137695,41.01320266723633
2020-08-26,318.89276123046875,136.3238983154297,42.30351638793945,30.491371154785156,125.38358306884766,16.71619415283203,41.03518295288086
2020-08-27,320.82861328125,136.9325408935547,42.36500549316406,30.339120864868164,125.22048950195312,16.666032791137695,42.89699172973633
2020-08-28,322.6905517578125,137.52330017089844,43.770442962646484,30.37918472290039,125.7278823852539,16.744070053100586,44.049251556396484
2020-08-31,322.0328063964844,137.31748962402344,43.50692367553711,30.28302001953125,125.32923126220703,16.61587142944336,43.593994140625
2020-09-01,325.4786071777344,135.62570190429688,43.146785736083984,29.553791046142578,125.19329833984375,16.426355361938477,46.338043212890625
2020-09-02,332.40728759765625,137.693359375,44.965057373046875,29.810226440429688,127.3043441772461,16.554555892944336,46.36630630493164
2020-09-03,322.6256408691406,133.8623046875,44.34138870239258,29.169143676757812,125.26578521728516,16.493240356445312,45.38045120239258
2020-09-04,321.0231628417969,133.0030517578125,44.83329772949219,29.137088775634766,124.99397277832031,16.39848518371582,44.84356689453125
2020-09-08,313.8815002441406,131.81256103515625,43.75288391113281,28.79251480102539,123.16384887695312,16.448650360107422,43.46840286254883
2020-09-09,320.8934631347656,133.99664306640625,44.086666107177734,28.99285316467285,125.16612243652344,16.370615005493164,43.92050552368164
2020-09-10,314.5021057128906,131.49929809570312,43.919769287109375,28.568134307861328,123.85238647460938,16.114213943481445,42.953495025634766
2020-09-11,314.1316223144531,132.2779998779297,44.85087585449219,28.90470314025879,125.15705871582031,16.164379119873047,42.91896438598633
2020-09-14,317.6422424316406,132.7882537841797,44.90399932861328,29.657968521118164,125.60103607177734,16.242414474487305,43.113624572753906
2020-09-15,318.5592956542969,133.27159118652344,45.205074310302734,29.617904663085938,125.60103607177734,16.23126792907715,43.12617874145508
2020-09-16,318.39251708984375,132.8330078125,44.97484588623047,29.47365951538086,124.75841522216797,16.298154830932617,42.78082275390625
2020-09-17,313.9001159667969,131.73202514648438,44.76232147216797,29.50571632385254,124.5953369140625,16.203399658203125,42.91582489013672
2020-09-18,311.1952819824219,133.53115844726562,44.67376708984375,29.35346221923828,124.45941162109375,16.1253604888916,42.476280212402344
2020-09-21,314.53924560546875,129.87913513183594,43.469478607177734,28.864635467529297,123.86148071289062,15.958145141601562,43.03514099121094
2020-09-22,319.05938720703125,129.08250427246094,43.97422409057617,29.0489444732666,124.99397277832031,15.891261100769043,43.42444610595703
2020-09-23,319.22613525390625,129.28839111328125,42.69023132324219,28.848609924316406,123.49905395507812,15.534524917602539,42.6960563659668
2020-09-24,321.4215393066406,129.49424743652344,43.12412643432617,28.656286239624023,124.05172729492188,15.629283905029297,42.91896438598633
2020-09-25,317.32733154296875,130.38040161132812,43.141841888427734,28.888673782348633,124.6859359741211,15.629283905029297,43.09792709350586
2020-09-28,323.848388671875,131.67832946777344,43.637725830078125,29.161130905151367,125.03925323486328,15.818799018859863,43.091651916503906
2020-09-29,326.1826171875,131.63356018066406,43.318946838378906,28.984838485717773,124.35975646972656,15.774203300476074,43.0571174621582
2020-09-30,328.8317565917969,133.2626495361328,43.7174186706543,29.4095516204834,125.92719268798828,15.891261100769043,43.926788330078125
2020-10-01,332.0367126464844,131.86627197265625,43.54917907714844,29.145103454589844,126.1537094116211,15.88011360168457,44.92206573486328
2020-10-02,328.841064453125,130.8995819091797,43.708560943603516,29.153118133544922,125.13896179199219,15.986016273498535,44.11203384399414
2020-10-05,332.1478576660156,132.68077087402344,43.72627639770508,29.449617385864258,126.28961181640625,15.980441093444824,44.52019119262695
2020-10-06,331.93487548828125,130.91748046875,43.3366584777832,28.984838485717773,126.4888916015625,16.002737045288086,44.152854919433594
2020-10-07,336.2605895996094,132.3675537109375,43.885677337646484,29.225236892700195,127.47648620605469,16.05290412902832,44.23448944091797
2020-10-08,338.177978515625,133.27159118652344,44.68262481689453,29.561809539794922,128.33718872070312,16.33755874633789,44.38204574584961
2020-10-09,342.2259521484375,135.1333770751953,44.992549896240234,29.481679916381836,129.4878387451172,16.171955108642578,44.8278694152832
2020-10-12,348.7284240722656,135.91213989257812,45.2404899597168,29.50571632385254,130.9102783203125,16.06345558166504,45.289398193359375
2020-10-13,352.61883544921875,132.79718017578125,44.47010040283203,29.569822311401367,130.65660095214844,15.846460342407227,45.91105270385742
2020-10-14,350.4513244628906,132.56448364257812,44.38154602050781,29.53776741027832,130.50257873535156,15.697985649108887,45.19207763671875
2020-10-15,348.821044921875,131.74990844726562,44.266441345214844,29.28934669494629,130.31228637695312,15.67514419555664,45.3773078918457
2020-10-16,353.4154357910156,132.56448364257812,44.301856994628906,30.411237716674805,130.81968688964844,15.606621742248535,45.43382263183594
2020-10-19,347.8761901855469,129.1809844970703,43.93879318237305,30.29103660583496,128.57273864746094,15.349649429321289,44.88124465942383
2020-10-20,350.4234924316406,129.38685607910156,44.49666976928711,30.04261589050293,129.0891876220703,15.281122207641602,45.17951965332031
2020-10-21,349.9696350097656,128.83184814453125,44.266441345214844,29.714065551757812,129.78680419921875,15.258281707763672,45.336490631103516
2020-10-22,348.0521545410156,129.8612518310547,44.877437591552734,29.99453353881836,128.86756896972656,16.14910888671875,45.06962585449219
2020-10-23,346.9869384765625,130.00450134277344,44.73575973510742,30.595548629760742,129.71482849121094,15.886434555053711,45.163814544677734
2020-10-26,343.3837585449219,128.86767578125,44.09819412231445,30.387203216552734,128.7309112548828,15.635172843933105,44.633209228515625
2020-10-27,345.2454833984375,128.1336669921875,44.18674087524414,29.99453353881836,129.6966094970703,15.372495651245117,44.85612869262695
2020-10-28,338.05755615234375,123.84617614746094,42.4688606262207,28.407867431640625,125.41468811035156,15.132655143737793,43.96760559082031
2020-10-29,338.61444091796875,122.79891204833984,42.52198791503906,28.271635055541992,125.33269500732422,15.281122207641602,43.929935455322266
2020-10-30,331.895263671875,122.72731018066406,42.557411193847656,28.431903839111328,124.90452575683594,15.42959976196289,43.562599182128906
2020-11-02,338.1782531738281,124.14156341552734,43.05329132080078,29.032915115356445,126.17997741699219,15.61233139038086,44.08063888549805
2020-11-03,345.2037353515625,123.97148132324219,43.6997184753418,29.00086212158203,128.65806579589844,15.680855751037598,44.8278694152832
2020-11-04,349.1108703613281,124.77708435058594,43.540321350097656,29.91440773010254,128.129638671875,15.441019058227539,44.5704231262207
2020-11-05,357.5191345214844,125.09930419921875,43.77941131591797,29.461029052734375,129.71482849121094,15.709409713745117,45.04450607299805
2020-11-06,357.9181213378906,127.3281021118164,43.788265228271484,29.46912384033203,130.48922729492188,15.669437408447266,45.766624450683594
2020-11-09,338.7443542480469,130.75633239746094,46.55104446411133,31.735980987548828,125.7153549194336,16.16053009033203,45.06648635864258
2020-11-10,340.247802734375,132.7255859375,47.79959487915039,31.314992904663086,127.78340911865234,16.4746036529541,45.70070266723633
2020-11-11,346.09466552734375,132.29592895507812,47.44540023803711,31.169269561767578,129.43240356445312,16.406082153320312,46.460487365722656
2020-11-12,348.68389892578125,132.74349975585938,46.94065856933594,30.400161743164062,129.50527954101562,16.240476608276367,46.53897476196289
2020-11-13,351.58880615234375,134.17559814453125,47.33028030395508,31.26641845703125,131.44583129882812,16.508867263793945,47.26424026489258
2020-11-16,352.470458984375,135.0260009765625,47.684486389160156,30.2220516204834,129.76034545898438,16.543132781982422,47.860774993896484
2020-11-17,354.447265625,133.68333435058594,47.5339469909668,30.753267288208008,129.25933837890625,16.577392578125,46.89690017700195
2020-11-18,354.73492431640625,131.9110107421875,46.58645248413086,30.992197036743164,127.2732162475586,16.3432674407959,46.808990478515625
2020-11-19,355.9507141113281,131.7051544189453,47.04692459106445,30.881267547607422,127.1183853149414,16.14910888671875,47.760311126708984
2020-11-20,353.70477294921875,131.00694274902344,46.63958740234375,31.316450119018555,126.90885162353516,16.171955108642578,47.1700553894043
2020-11-23,354.25238037109375,129.6730194091797,46.64844512939453,31.162853240966797,126.41686248779297,16.3432674407959,47.386680603027344
2020-11-24,356.58184814453125,129.6730194091797,47.126617431640625,31.231121063232422,126.00688934326172,16.691604614257812,47.52168655395508
2020-11-25,359.85791015625,129.50177001953125,46.869815826416016,31.171390533447266,126.34395599365234,16.55455207824707,47.66925811767578
2020-11-27,360.45184326171875,129.79017639160156,46.66615676879883,31.768709182739258,126.28022003173828,16.577392578125,47.59703826904297
2020-11-30,363.5887145996094,130.40309143066406,46.05036163330078,32.69028091430664,126.51707458496094,16.417503356933594,47.97066116333008
2020-12-01,369.1028747558594,132.8997344970703,46.44305419921875,33.62892150878906,126.97259521484375,16.486024856567383,47.92356491088867
2020-12-02,365.236328125,133.5216827392578,46.50551986694336,34.815025329589844,126.05245208740234,16.61165428161621,47.25796127319336
2020-12-03,356.2362976074219,134.29681396484375,47.103458404541016,34.209171295166016,125.1231689453125,16.691604614257812,46.87492370605469
2020-12-04,355.6458740234375,135.44149780273438,48.05837631225586,34.42250061035156,125.24161529541016,16.868629455566406,46.75248336791992
2020-12-07,355.5506591796875,134.269775390625,47.29086685180664,35.19900894165039,125.43289947509766,16.925729751586914,46.501304626464844
2020-12-08,359.6173400878906,136.59521484375,47.46044158935547,36.31684112548828,125.77002716064453,17.593852996826172,46.92202377319336
2020-12-09,356.4649658203125,137.99221801757812,47.59430694580078,35.71099853515625,124.2759017944336,17.965028762817383,46.551536560058594
2020-12-10,355.036376953125,137.22608947753906,47.344417572021484,35.60860824584961,123.45594787597656,17.525325775146484,46.334110260009766
2020-12-11,357.2362976074219,137.8570098876953,47.612152099609375,35.08807373046875,124.36697387695312,17.708059310913086,46.321510314941406
2020-12-14,356.5506286621094,134.3599090576172,47.5407600402832,33.458255767822266,123.76570892333984,17.44538116455078,45.8961067199707
2020-12-15,354.16973876953125,135.7118682861328,48.04945755004883,33.0316047668457,124.49453735351562,17.46251106262207,45.87405776977539
2020-12-16,351.8459167480469,134.9006805419922,47.35334014892578,32.289222717285156,125.05939483642578,17.296911239624023,45.826786041259766
2020-12-17,352.65545654296875,138.46090698242188,47.5407600402832,32.451351165771484,125.95221710205078,16.914304733276367,46.037906646728516
2020-12-18,349.52215576171875,139.26309204101562,47.96021270751953,32.15269470214844,126.67194366455078,16.788681030273438,45.99064254760742
2020-12-21,347.5887756347656,137.92010498046875,47.13022994995117,31.89670181274414,125.28715515136719,16.56597137451172,45.99694061279297
2020-12-22,344.788818359375,137.64968872070312,47.08561325073242,31.350587844848633,124.4034423828125,16.217636108398438,45.43918991088867
2020-12-23,344.6554870605469,136.9467010498047,47.371192932128906,31.947895050048828,124.21210479736328,16.417503356933594,45.13038635253906
2020-12-24,347.21734619140625,137.42440795898438,47.692474365234375,31.802837371826172,125.46936798095703,16.38323974609375,45.2186164855957
2020-12-28,353.38873291015625,138.07333374023438,48.33503723144531,31.418848037719727,126.34395599365234,16.303293228149414,45.76060485839844
2020-12-29,354.9696350097656,138.92959594726562,48.30826950073242,31.61510467529297,126.10711669921875,16.297584533691406,45.470699310302734
2020-12-30,356.6173095703125,140.65109252929688,48.58491897583008,31.350587844848633,125.51492309570312,16.269033432006836,45.432899475097656
