Date,CVX,JNJ,KO,LMT,PEP,T,XOM
2022-01-03,107.2700424194336,158.5090789794922,54.59065628051758,329.6562805175781,160.04058837890625,15.975507736206055,57.61800765991211
2022-01-04,109.22187042236328,158.0840301513672,55.502044677734375,336.7543640136719,160.2718963623047,16.10743522644043,59.78525161743164
2022-01-05,109.93245697021484,159.13742065429688,55.96232986450195,333.1728210449219,160.81777954101562,16.46551513671875,60.52882766723633
2022-01-06,110.86790466308594,158.59226989746094,55.66774368286133,333.04254150390625,160.8547821044922,16.40269660949707,61.95250701904297
2022-01-07,112.4599380493164,160.73599243164062,55.53887176513672,335.0333557128906,161.0583038330078,16.963058471679688,62.46030807495117
2022-01-10,112.53190612792969,159.94131469726562,55.63092803955078,337.9265441894531,161.14157104492188,17.072750091552734,62.08851623535156
2022-01-11,115.10436248779297,158.24111938476562,55.649330139160156,338.7545471191406,161.06756591796875,16.995323181152344,64.70010375976562
2022-01-12,114.52870178222656,156.8920135498047,55.73219299316406,336.11248779296875,160.89178466796875,17.066299438476562,64.5096664428711
2022-01-13,114.05199432373047,155.9402618408203,56.0635986328125,339.72198486328125,161.1508331298828,17.292129516601562,64.04719543457031
2022-01-14,115.99484252929688,155.0901336669922,56.514686584472656,346.6434020996094,162.50164794921875,17.537315368652344,65.17164611816406
2022-01-18,116.37261199951172,154.40640258789062,56.0635986328125,350.2900390625,160.9473114013672,17.62119483947754,66.26886749267578
2022-01-19,115.9498519897461,153.9258575439453,56.15565490722656,351.0249938964844,162.10379028320312,17.601839065551758,66.29605865478516
2022-01-20,115.53610229492188,152.69691467285156,55.925498962402344,348.97833251953125,160.92877197265625,17.434080123901367,66.44114685058594
2022-01-21,114.15093994140625,152.34573364257812,55.649330139160156,345.3223571777344,161.18785095214844,17.169530868530273,65.44367980957031
2022-01-24,114.39379119873047,150.59007263183594,55.19824981689453,347.3038635253906,160.36441040039062,16.995323181152344,66.00588989257812
2022-01-25,119.25989532470703,154.89610290527344,55.069366455078125,360.1790771484375,158.52330017089844,17.085657119750977,67.9464340209961
2022-01-26,119.34984588623047,155.58914184570312,54.86683654785156,363.96527099609375,156.84866333007812,15.646796226501465,67.25726318359375
2022-01-27,121.76039123535156,157.63124084472656,54.912872314453125,361.95587158203125,156.70065307617188,15.56291675567627,68.11873626708984
2022-01-28,117.47894287109375,158.74008178710938,56.00836181640625,365.74212646484375,159.7537841796875,16.266212463378906,68.26380920410156
2022-01-31,118.12654876708984,159.2021026611328,56.16485595703125,362.00238037109375,160.54022216796875,16.453332901000977,68.88043975830078
2022-02-01,121.23871612548828,157.8992156982422,55.75059509277344,360.03021240234375,159.448486328125,15.756487846374512,73.29654693603516
2022-02-02,121.79640197753906,159.6456298828125,56.32135772705078,360.33721923828125,162.3443603515625,15.833909034729004,73.10613250732422
2022-02-03,120.7080078125,159.6363983154297,56.71720504760742,362.5326843261719,162.25181579589844,15.846818923950195,72.25373840332031
2022-02-04,122.21913146972656,158.59226989746094,56.11883544921875,362.18841552734375,159.5872802734375,15.537104606628418,73.82250213623047
2022-02-07,124.62068176269531,158.06553649902344,56.7080078125,364.98858642578125,158.95811462402344,15.440323829650879,74.7111587524414
2022-02-08,122.72282409667969,158.4813690185547,57.076236724853516,368.4306640625,159.15240478515625,15.446775436401367,72.77967834472656
2022-02-09,123.93707275390625,158.46287536621094,56.19247817993164,367.03521728515625,159.07839965820312,15.808101654052734,72.43126678466797
2022-02-10,122.36302947998047,156.5501251220703,56.50547790527344,358.560302734375,155.77545166015625,15.646796226501465,71.7344741821289
2022-02-11,124.85454559326172,154.9700164794922,55.502044677734375,368.5702209472656,155.96975708007812,15.569369316101074,73.54065704345703
2022-02-14,122.9296875,153.0203399658203,55.86106491088867,359.9929504394531,154.2303466796875,15.517752647399902,72.41293334960938
2022-02-15,122.02985382080078,154.60040283203125,56.07279968261719,355.5740661621094,153.5457305908203,15.704867362976074,71.50525665283203
2022-02-16,122.06623840332031,154.50802612304688,56.0635986328125,359.9278564453125,153.8603057861328,15.446775436401367,71.83531951904297
2022-02-17,121.43907165527344,153.5655059814453,57.186702728271484,361.6674499511719,154.27664184570312,15.330634117126465,71.72530364990234
2022-02-18,121.26639556884766,151.91944885253906,57.57335662841797,359.51849365234375,155.16482543945312,15.401610374450684,70.92764282226562
2022-02-22,120.33929443359375,149.85491943359375,57.334007263183594,359.2766418457031,155.7569122314453,15.324182510375977,70.10247802734375
2022-02-23,123.20237731933594,149.92935180664062,56.69879913330078,361.7884216308594,154.22108459472656,15.169329643249512,70.38668823242188
2022-02-24,122.56613159179688,147.0650177001953,55.704566955566406,368.1236877441406,151.53802490234375,14.988661766052246,69.49735260009766
2022-02-25,127.59242248535156,154.37457275390625,57.85873794555664,380.9430236816406,155.78468322753906,15.427417755126953,71.36771392822266
2022-02-28,130.8826446533203,153.04469299316406,57.29718017578125,406.3367004394531,151.4917755126953,15.285470008850098,71.8995132446289
2022-03-01,136.0815887451172,152.5146026611328,57.04861831665039,427.70263671875,150.13174438476562,15.182229042053223,72.5871353149414
2022-03-02,140.09896850585938,154.41175842285156,57.47209548950195,421.5111389160156,152.21343994140625,15.369348526000977,73.83406066894531
2022-03-03,141.989501953125,156.68087768554688,57.50891876220703,419.4691467285156,152.0504913330078,15.427417755126953,74.30165100097656
2022-03-04,144.19813537597656,157.61083984375,57.60097122192383,429.1451721191406,154.36004638671875,15.401610374450684,77.09805297851562
2022-03-07,147.27931213378906,160.14962768554688,56.229305267333984,436.6387023925781,151.2868194580078,15.208038330078125,79.87612915039062
2022-03-08,154.99595642089844,156.90408325195312,54.001487731933594,420.5650634765625,147.02151489257812,14.840259552001953,80.48123931884766
2022-03-09,151.12400817871094,157.4992218017578,54.27765655517578,420.31219482421875,146.58383178710938,15.00801944732666,75.90613555908203
2022-03-10,155.259521484375,157.7782440185547,53.28343200683594,416.2281494140625,143.89244079589844,14.962852478027344,78.26244354248047
2022-03-11,155.3322296142578,157.48995971679688,53.320255279541016,411.2449951171875,143.16603088378906,14.962852478027344,77.8590316772461
2022-03-14,151.5330047607422,159.6660919189453,54.30354690551758,416.3125305175781,145.17759704589844,14.769286155700684,75.0718002319336
2022-03-15,143.86181640625,163.80442810058594,55.305381774902344,420.2653503417969,148.07388305664062,14.898332595825195,70.79928588867188
2022-03-16,143.34375,162.2978515625,55.156959533691406,394.6655578613281,148.7257843017578,14.962852478027344,70.53339385986328
2022-03-17,145.82505798339844,164.41818237304688,55.741371154785156,401.45654296875,149.88058471679688,14.962852478027344,72.41293334960938
2022-03-18,146.99755859375,162.595458984375,55.750640869140625,399.1990966796875,151.60345458984375,14.982211112976074,72.12871551513672
2022-03-21,149.64247131347656,163.51612854003906,56.1959114074707,412.14422607421875,151.38926696777344,14.943496704101562,75.36518859863281
2022-03-22,149.142578125,162.74427795410156,56.399986267089844,412.6968078613281,153.0469207763672,14.97575855255127,75.0351333618164
2022-03-23,150.75135803222656,162.13047790527344,56.0289421081543,417.0618591308594,152.24603271484375,14.97575855255127,76.21786499023438
2022-03-24,151.15127563476562,162.96743774414062,56.566959381103516,421.25823974609375,153.16798400878906,15.05318546295166,76.44708251953125
2022-03-25,153.88706970214844,164.52980041503906,57.0771598815918,424.93939208984375,153.8850860595703,15.38225269317627,78.11576080322266
2022-03-28,151.19674682617188,165.37606811523438,57.43893814086914,416.80889892578125,154.34141540527344,15.401610374450684,75.92448425292969
2022-03-29,149.3516387939453,165.2923583984375,57.66156768798828,409.474609375,156.63235473632812,15.47903823852539,75.52106475830078
2022-03-30,150.40594482421875,167.01283264160156,57.707950592041016,417.717529296875,156.41818237304688,15.57581901550293,76.81382751464844
2022-03-31,147.9973907470703,164.818115234375,57.513153076171875,413.4555969238281,155.87803649902344,15.246752738952637,75.72277069091797
2022-04-01,149.2607421875,165.71087646484375,58.32018280029297,417.74560546875,158.09446716308594,15.47258186340332,76.20870208740234
2022-04-04,149.39706420898438,164.11131286621094,58.014076232910156,415.9003601074219,157.68472290039062,15.601629257202148,76.24537658691406
2022-04-05,148.4790802001953,165.17149353027344,57.94914245605469,418.92584228515625,157.8523406982422,15.414517402648926,75.85113525390625
2022-04-06,149.79698181152344,169.46792602539062,58.53354263305664,425.8011474609375,160.54373168945312,15.504843711853027,76.69463348388672
2022-04-07,151.87838745117188,169.03082275390625,58.84893798828125,436.0392761230469,160.69273376464844,15.311275482177734,77.97822570800781
2022-04-08,154.4506072998047,169.36563110351562,59.21071243286133,432.30181884765625,161.23289489746094,15.57581901550293,79.619384765625
2022-04-11,150.47866821289062,167.2452850341797,59.192161560058594,434.85894775390625,160.7393341064453,16.769569396972656,76.87799835205078
2022-04-12,153.61439514160156,167.30111694335938,59.887882232666016,437.9500427246094,161.3911895751953,16.70977020263672,78.48248291015625
2022-04-13,156.0321044921875,168.00790405273438,60.045589447021484,439.4862060546875,161.11181640625,16.829362869262695,79.59188079833984
2022-04-14,155.95933532714844,167.30111694335938,60.31459426879883,438.0531311035156,160.08741760253906,16.9333553314209,80.52706909179688
2022-04-18,158.04986572265625,165.21798706054688,59.776573181152344,437.8470153808594,158.70913696289062,16.864025115966797,81.18720245361328
2022-04-19,156.17752075195312,170.25836181640625,60.360984802246094,430.78436279296875,161.01870727539062,16.890026092529297,80.46289825439453
2022-04-20,156.8137664794922,171.0116729736328,61.18656539916992,425.1361389160156,163.41212463378906,16.838029861450195,80.64627838134766
2022-04-21,149.58795166015625,170.51878356933594,61.418479919433594,411.7132873535156,162.8253936767578,17.51397705078125,79.7935791015625
2022-04-22,146.28860473632812,168.82626342773438,60.5279541015625,417.5676574707031,160.32025146484375,16.9160213470459,78.05156707763672
2022-04-25,143.143798828125,172.98321533203125,61.168025970458984,414.8512878417969,161.80099487304688,16.907360076904297,75.42021942138672
2022-04-26,142.271240234375,171.746337890625,60.34242630004883,417.84869384765625,161.3911895751953,16.72536849975586,75.44771575927734
2022-04-27,142.00765991210938,169.3470458984375,60.815521240234375,416.80889892578125,162.834716796875,16.526052474975586,77.60232543945312
2022-04-28,147.05210876464844,170.61178588867188,61.399925231933594,413.7459716796875,165.30258178710938,16.829362869262695,79.94944763183594
2022-04-29,142.3984832763672,167.82188415527344,59.934268951416016,404.7630920410156,159.91050720214844,16.34406852722168,78.16158294677734
2022-05-02,145.19790649414062,166.1293487548828,58.84893798828125,403.5359802246094,156.23190307617188,16.569381713867188,79.22515106201172
2022-05-03,147.68832397460938,165.80384826660156,58.514991760253906,407.2452392578125,156.44610595703125,16.75136947631836,80.85714721679688
2022-05-04,152.32374572753906,167.58009338378906,60.32387161254883,417.52081298828125,161.91273498535156,17.28866195678711,84.07528686523438
2022-05-05,151.1149139404297,164.38099670410156,59.84150695800781,415.09478759765625,158.6811981201172,17.28866195678711,82.80085754394531
2022-05-06,155.14137268066406,164.01832580566406,60.05485534667969,420.9772033691406,158.69979858398438,17.357988357543945,84.06612396240234
2022-05-09,144.7434539794922,164.9110870361328,59.934268951416016,411.05767822265625,159.9011688232422,16.942020416259766,77.43728637695312
2022-05-10,146.1341094970703,164.68789672851562,59.37769317626953,411.32928466796875,159.70559692382812,16.777366638183594,77.95072174072266
2022-05-11,148.29730224609375,163.79513549804688,59.655975341796875,412.5282287597656,158.93264770507812,16.838029861450195,79.57354736328125
2022-05-12,149.7061004638672,165.4132843017578,59.84150695800781,407.0766906738281,158.69049072265625,17.089340209960938,79.93478393554688
2022-05-13,152.57823181152344,164.4647216796875,60.963932037353516,407.6199951171875,161.78233337402344,17.19333267211914,82.30596160888672
2022-05-16,157.2500457763672,165.60858154296875,61.18656539916992,409.8492736816406,163.41212463378906,17.574636459350586,84.2418212890625
2022-05-17,158.17710876464844,166.29673767089844,61.01959228515625,413.0809020996094,162.4715118408203,17.825950622558594,85.31625366210938
2022-05-18,154.00758361816406,163.2092742919922,56.77104568481445,406.8331604003906,152.4043426513672,17.531309127807617,83.96395874023438
2022-05-19,152.9079132080078,161.7584991455078,55.657894134521484,398.674560546875,150.12269592285156,17.51397705078125,84.41780090332031
2022-05-20,153.78762817382812,164.58560180664062,56.566959381103516,397.2976379394531,151.0633087158203,17.67862892150879,85.0846939086914
2022-05-23,157.36155700683594,167.9456329345703,58.310916900634766,405.6155090332031,154.2203369140625,17.9732723236084,86.9649658203125
2022-05-24,158.20462036132812,169.7800750732422,59.386959075927734,414.7482604980469,156.28781127929688,18.33724594116211,87.43734741210938
2022-05-25,160.7429962158203,168.11407470703125,59.433349609375,419.20684814453125,157.3587646484375,18.458568572998047,89.19721984863281
2022-05-26,161.82432556152344,167.96434020996094,59.64670944213867,419.62835693359375,158.42042541503906,18.47590446472168,89.51212310791016
2022-05-27,163.37301635742188,169.48995971679688,59.99919891357422,422.03570556640625,159.9663543701172,18.44990348815918,90.39205932617188
2022-05-31,160.05572509765625,168.02987670898438,58.79328155517578,414.8251647949219,156.22259521484375,18.44990348815918,88.91934204101562
2022-06-01,161.57691955566406,166.3264617919922,58.505714416503906,414.0616760253906,155.04917907714844,18.38924217224121,90.62362670898438
2022-06-02,161.28366088867188,165.80230712890625,59.11795425415039,415.7676696777344,156.3057861328125,18.363243103027344,90.4661636352539
2022-06-03,162.74986267089844,165.1190643310547,58.41294860839844,417.2569274902344,154.5896759033203,18.1119327545166,91.78142547607422
2022-06-06,162.0442657470703,165.10035705566406,58.32018280029297,417.9355773925781,155.23672485351562,18.146595001220703,91.54987335205078
2022-06-07,165.13247680664062,166.91610717773438,58.67268753051758,430.08502197265625,156.19326782226562,18.319913864135742,95.7457504272461
2022-06-08,165.98472595214844,165.9239959716797,58.33873748779297,417.9355773925781,155.41493225097656,18.24191665649414,96.87576293945312
2022-06-09,162.67657470703125,162.58267211914062,57.32762145996094,407.8597717285156,152.64852905273438,18.0945987701416,94.78245544433594
2022-06-10,160.7338409423828,161.4969940185547,56.965850830078125,405.47509765625,152.4047088623047,17.92994499206543,93.05036926269531
2022-06-13,153.33860778808594,159.86843872070312,56.90090560913086,399.57470703125,149.79774475097656,17.124004364013672,88.78040313720703
2022-06-14,153.54022216796875,157.41627502441406,55.340572357177734,392.26055908203125,146.40304565429688,16.855361938476562,89.011962890625
2022-06-15,150.52529907226562,159.10096740722656,55.751678466796875,390.3094787597656,147.96910095214844,16.84669303894043,87.89122009277344
2022-06-16,142.47947692871094,159.18519592285156,55.19108200073242,381.53436279296875,147.25640869140625,16.430723190307617,84.64936828613281
2022-06-17,135.9730987548828,158.6049346923828,55.527442932128906,380.7991638183594,147.28453063964844,16.794696807861328,79.76806640625
2022-06-21,141.66384887695312,161.92752075195312,56.714046478271484,394.89031982421875,150.70738220214844,17.297325134277344,84.73272705078125
2022-06-22,135.5057373046875,164.48263549804688,57.134490966796875,391.5818786621094,151.9451904296875,17.60930061340332,81.37973022460938
2022-06-23,130.5206298828125,168.1515350341797,57.81656265258789,387.0293884277344,153.88636779785156,17.860614776611328,78.9251708984375
2022-06-24,132.6649627685547,170.61306762695312,58.900390625,394.9656982421875,155.79002380371094,18.18992042541504,80.49053192138672
2022-06-27,135.2308807373047,170.45396423339844,58.77892303466797,395.1636047363281,155.99632263183594,18.007938385009766,82.46343231201172
2022-06-28,137.40267944335938,165.6057891845703,58.1902961730957,396.5396728515625,153.8019561767578,17.860614776611328,84.7512435913086
2022-06-29,134.69020080566406,165.65257263183594,58.61073684692383,394.8243103027344,156.3526611328125,18.155258178710938,81.62055206298828
2022-06-30,132.67413330078125,166.13926696777344,58.77892303466797,405.25830078125,156.2870330810547,18.163925170898438,79.32347106933594
2022-07-01,134.2594757080078,168.02052307128906,60.15239334106445,408.6138000488281,158.84710693359375,18.467233657836914,81.09259033203125
2022-07-05,130.73138427734375,166.7288818359375,59.12462615966797,391.3934326171875,158.4907684326172,18.345911026000977,78.55467224121094
2022-07-06,129.0085906982422,166.878662109375,59.246089935302734,401.4221496582031,160.0755615234375,18.27658462524414,77.13752746582031
2022-07-07,131.5194854736328,167.0658416748047,58.77892303466797,397.9347229003906,159.7567596435547,18.32857894897461,79.60133361816406
2022-07-08,130.83221435546875,166.85992431640625,58.99382400512695,396.2004089355469,161.18215942382812,18.265350341796875,79.73101806640625
2022-07-11,129.6775665283203,166.9254608154297,58.80695343017578,394.99395751953125,159.85989379882812,18.142414093017578,79.32347106933594
2022-07-12,127.30409240722656,164.58558654785156,58.55467987060547,390.205810546875,158.9502716064453,18.0897274017334,78.26753234863281
2022-07-13,126.4518814086914,164.20187377929688,58.283729553222656,384.5599060058594,159.512939453125,17.958003997802734,78.58246612548828
2022-07-14,124.57331085205078,164.4264678955078,58.096858978271484,377.31170654296875,160.33816528320312,17.85262680053711,77.00785064697266
2022-07-15,126.14031219482422,166.81314086914062,58.39583969116211,375.49261474609375,160.4694366455078,18.063379287719727,78.30461120605469
2022-07-18,127.90894317626953,163.06936645507812,57.60166549682617,365.0303039550781,157.7874755859375,18.02825355529785,79.74952697753906
2022-07-19,132.51837158203125,160.6920928955078,58.42387008666992,367.95220947265625,159.4754180908203,18.265350341796875,81.75947570800781
2022-07-20,134.26866149902344,159.7748565673828,57.46151351928711,372.51416015625,157.7874755859375,17.98434829711914,82.65794372558594
2022-07-21,133.2423095703125,160.33642578125,57.330711364746094,372.4953308105469,158.0218963623047,16.614444732666016,81.27784729003906
2022-07-22,132.13348388671875,161.0945281982422,57.54560089111328,372.0617370605469,159.05340576171875,16.157812118530273,80.6572494506836
2022-07-25,136.06475830078125,161.41275024414062,58.106201171875,376.8310241699219,159.27847290039062,16.27197265625,83.34335327148438
2022-07-26,135.00177001953125,162.55459594726562,59.05921936035156,374.0128173828125,161.13522338867188,16.06999969482422,83.01918029785156
2022-07-27,136.779541015625,162.10533142089844,58.872352600097656,375.6434020996094,160.91017150878906,16.149028778076172,84.81607818603516
2022-07-28,137.81504821777344,163.04129028320312,59.85340118408203,382.7502136230469,163.95791625976562,16.315876007080078,85.80715942382812
2022-07-29,150.08541870117188,163.3407745361328,59.956180572509766,390.0361633300781,164.07041931152344,16.491506576538086,89.78074645996094
2022-08-01,147.0888671875,162.76986694335938,60.28319549560547,395.19189453125,165.9365692138672,16.44759750366211,87.5114517211914
2022-08-02,145.8334197998047,161.84329223632812,59.46098327636719,404.1460876464844,164.56744384765625,16.12268829345703,87.1316909790039
2022-08-03,142.3695068359375,163.40631103515625,59.72260284423828,404.6361999511719,165.8240509033203,16.131467819213867,84.30664825439453
2022-08-04,138.50234985351562,160.78565979003906,59.489013671875,403.533447265625,164.92381286621094,16.043651580810547,80.75914764404297
2022-08-05,140.79330444335938,160.1492156982422,59.21805953979492,401.91229248046875,163.6859588623047,16.113906860351562,81.92619323730469
2022-08-08,140.5825653076172,159.29751586914062,58.83498001098633,399.5086975097656,163.02951049804688,15.80655574798584,82.38932037353516
2022-08-09,142.4153289794922,159.27879333496094,58.909732818603516,403.9292907714844,163.63906860351562,15.894368171691895,83.90837097167969
2022-08-10,142.79103088378906,159.73739624023438,59.4703254699707,405.28662109375,164.9894256591797,15.81533432006836,84.70494079589844
2022-08-11,146.27330017089844,156.4335479736328,59.06856155395508,404.21209716796875,164.1454620361328,15.841678619384766,87.1552734375
2022-08-12,146.48403930664062,154.71141052246094,59.51704406738281,409.2923889160156,166.29290771484375,16.043651580810547,87.91281127929688
2022-08-15,143.6982421875,155.45079040527344,60.2645149230957,412.8458557128906,168.12155151367188,16.149028778076172,86.34160614013672
2022-08-16,143.33168029785156,156.83599853515625,60.759708404541016,414.8722839355469,169.0968475341797,16.307096481323242,85.53730010986328
2022-08-17,144.5138397216797,156.84535217285156,60.61956024169922,416.2201843261719,169.00306701660156,16.175376892089844,86.22938537597656
2022-08-18,147.0475311279297,156.0872344970703,60.937225341796875,414.1088562011719,169.17184448242188,16.184158325195312,88.26820373535156
2022-08-19,145.8176727294922,158.4645538330078,60.8905143737793,414.7497863769531,168.95616149902344,16.184158325195312,87.98763275146484
2022-08-22,145.08714294433594,157.9086151123047,59.984214782714844,407.49212646484375,167.3432159423828,15.920713424682617,87.92217254638672
2022-08-23,149.79393005371094,156.532958984375,60.04960632324219,408.23675537109375,167.26820373535156,15.859241485595703,91.65379333496094
2022-08-24,150.90357971191406,156.01470947265625,60.13370132446289,408.7928161621094,168.10281372070312,15.81533432006836,92.19623565673828
2022-08-25,152.22592163085938,157.4751739501953,60.42334747314453,413.4396057128906,168.11221313476562,15.885588645935059,92.6731948852539
2022-08-26,151.1070098876953,154.78042602539062,58.96579360961914,406.3610534667969,164.1454620361328,15.7099609375,91.53221130371094
2022-08-29,152.23516845703125,153.58375549316406,58.61073684692383,404.9943542480469,163.62969970703125,15.613363265991211,93.63650512695312
2022-08-30,148.5270538330078,153.04669189453125,58.06883239746094,400.6869201660156,162.2230682373047,15.648488998413086,90.07322692871094
2022-08-31,146.15982055664062,152.0196533203125,57.657718658447266,398.5995178222656,161.54786682128906,15.40261173248291,89.39984893798828
2022-09-01,143.8295440673828,155.78860473632812,57.92867660522461,400.97161865234375,163.18109130859375,15.367486000061035,87.79124450683594
2022-09-02,145.96563720703125,153.3387908935547,57.134490966796875,397.138427734375,161.1135711669922,15.095259666442871,89.39984893798828
2022-09-06,145.29058837890625,153.7533721923828,57.16252517700195,396.388916015625,160.02792358398438,14.744006156921387,88.80130004882812
2022-09-07,143.43191528320312,154.5919647216797,58.21832275390625,398.6280822753906,163.55870056152344,14.814254760742188,88.04374694824219
2022-09-08,144.2086639404297,155.83570861816406,58.040794372558594,398.1631774902344,163.01113891601562,14.726439476013184,88.76388549804688
2022-09-09,147.92601013183594,156.13720703125,58.227664947509766,399.9468994140625,163.53038024902344,14.954757690429688,90.25093078613281
2022-09-12,150.26553344726562,156.07127380371094,58.39583969116211,397.204833984375,164.17234802246094,15.262104988098145,91.2890396118164
2022-09-13,147.4081573486328,152.01023864746094,56.499141693115234,388.37152099609375,158.04539489746094,14.77912712097168,89.15669250488281
2022-09-14,150.97755432128906,155.14788818359375,56.798133850097656,395.2977600097656,159.2443389892578,14.726439476013184,91.34515380859375
2022-09-15,148.5270538330078,155.5436248779297,56.02639389038086,392.4133605957031,156.60098266601562,14.717660903930664,88.6890640258789
2022-09-16,144.6710205078125,157.91806030273438,56.03580093383789,393.0776062011719,157.6300048828125,14.700096130371094,87.1739730834961
2022-09-19,145.08714294433594,156.67431640625,56.459320068359375,395.19342041015625,159.29153442382812,14.717660903930664,87.16461944580078
2022-09-20,144.5138397216797,155.44000244140625,56.3746223449707,399.0455627441406,159.47091674804688,14.54202938079834,86.4538345336914
2022-09-21,143.33944702148438,153.8476104736328,55.904048919677734,398.68499755859375,159.0177764892578,14.269805908203125,85.0603256225586
2022-09-22,143.22845458984375,156.58006286621094,55.77227783203125,400.4687194824219,159.1688232421875,14.261024475097656,84.70494079589844
2022-09-23,133.8704071044922,157.08888244628906,55.151126861572266,391.9200439453125,159.09332275390625,14.059052467346191,80.19706726074219
2022-09-26,130.3472442626953,156.1278076171875,54.464088439941406,386.7775573730469,159.02720642089844,13.760485649108887,78.54170227050781
2022-09-27,130.40274047851562,155.4116973876953,53.061790466308594,379.2725524902344,156.72369384765625,13.81317138671875,80.18771362304688
2022-09-28,134.80435180664062,156.7496795654297,53.626468658447266,379.51922607421875,159.23492431640625,13.90098762512207,83.10567474365234
2022-09-29,133.8704071044922,155.025390625,53.240604400634766,369.83203125,157.29013061523438,13.637545585632324,82.93732452392578
2022-09-30,132.8532257080078,153.9229736328125,52.72296905517578,366.5112609863281,154.1275177001953,13.470697402954102,81.65604400634766
2022-10-03,140.306396484375,153.772216796875,53.31589889526367,379.2725524902344,156.00621032714844,13.962456703186035,85.96751403808594
2022-10-04,145.76219177246094,156.05239868164062,53.4382438659668,385.3164367675781,157.76214599609375,14.129304885864258,89.10057830810547
2022-10-05,146.5944366455078,155.57186889648438,52.930023193359375,381.9007263183594,156.7142791748047,13.988801956176758,92.70125579833984
2022-10-06,149.266845703125,152.55674743652344,51.79124069213867,379.14923095703125,153.69325256347656,13.692079544067383,95.45088195800781
2022-10-07,147.9815216064453,150.94552612304688,51.30183792114258,383.27655029296875,152.56982421875,13.352458953857422,94.4875717163086
2022-10-10,145.30908203125,151.14337158203125,51.18890380859375,388.9977722167969,152.76808166503906,13.3167085647583,92.43938446044922
2022-10-11,145.33682250976562,153.32937622070312,51.27360916137695,390.0129699707031,153.4949951171875,13.236272811889648,91.65379333496094
2022-10-12,145.7714080810547,153.29168701171875,51.8947639465332,377.07135009765625,159.9146270751953,13.075400352478027,92.05595397949219
2022-10-13,152.8362274169922,155.60955810546875,52.5817985534668,385.174072265625,164.84263610839844,13.51333236694336,95.27317810058594
2022-10-14,148.0832061767578,154.9594268798828,51.744178771972656,369.4714660644531,160.66989135742188,13.39714527130127,92.76671600341797
2022-10-17,149.16510009765625,156.9663848876953,52.41239929199219,376.96697998046875,163.06777954101562,13.68314266204834,94.10411834716797
2022-10-18,150.46897888183594,156.41990661621094,53.118255615234375,409.72900390625,165.2674560546875,13.942328453063965,94.27247619628906
2022-10-19,155.3514404296875,155.1761474609375,52.66650390625,417.4332275390625,163.66256713867188,13.888702392578125,97.06884765625
2022-10-20,156.23916625976562,155.57186889648438,51.838294982910156,421.5889892578125,161.86883544921875,14.961190223693848,97.19978332519531
2022-10-21,160.15069580078125,158.9639129638672,52.66650390625,431.3330993652344,163.3793487548828,15.282934188842773,99.00479888916016
2022-10-24,160.09521484375,161.102783203125,54.18175506591797,434.03717041015625,167.74090576171875,15.649370193481445,99.6968765258789
2022-10-25,161.7596893310547,160.848388671875,55.480533599853516,436.5894470214844,168.29791259765625,15.810243606567383,99.02349090576172
2022-10-26,163.75706481933594,162.26171875,55.89463424682617,438.8760986328125,169.0531768798828,16.212421417236328,100.201904296875
2022-10-27,164.50608825683594,162.35595703125,56.02639389038086,447.7662658691406,168.87379455566406,16.114112854003906,100.58535766601562
2022-10-28,166.4294891357422,164.76806640625,57.18400573730469,460.04376220703125,172.036376953125,16.516294479370117,103.53136444091797
2022-10-31,167.2801971435547,163.9200439453125,56.32755661010742,461.7611083984375,171.42274475097656,16.29286003112793,103.63424682617188
2022-11-01,168.50083923339844,163.0908966064453,56.129920959472656,460.7648620605469,170.6486053466797,16.400110244750977,104.66301727294922
2022-11-02,165.06088256835938,160.5845489501953,55.34877014160156,457.3776550292969,168.26959228515625,16.471607208251953,102.511962890625
2022-11-03,167.49288940429688,160.85780334472656,55.320533752441406,459.9963684082031,167.83531188964844,16.239234924316406,103.90547180175781
2022-11-04,169.61048889160156,161.57386779785156,55.77227783203125,457.0076599121094,168.77935791015625,16.3732967376709,105.03711700439453
2022-11-07,171.6355743408203,162.9872589111328,55.98875045776367,463.6112365722656,170.12940979003906,16.409048080444336,106.2809829711914
2022-11-08,171.38592529296875,163.79757690429688,56.09226989746094,468.8200988769531,170.60140991210938,16.596731185913086,106.61766052246094
2022-11-09,164.5338134765625,162.48785400390625,55.31113052368164,460.3378601074219,168.56222534179688,16.426921844482422,101.84793090820312
2022-11-10,167.6501007080078,164.3911895751953,57.296939849853516,465.64166259765625,171.53602600097656,16.838043212890625,103.34432220458984
2022-11-11,172.4215850830078,159.47271728515625,57.7110481262207,440.10943603515625,168.09022521972656,17.025724411010742,106.57090759277344
2022-11-14,172.50482177734375,161.97906494140625,57.155765533447266,438.38275146484375,166.8440399169922,17.0346622467041,106.88202667236328
2022-11-15,173.8918914794922,162.43130493164062,57.06165313720703,443.3258972167969,167.2783203125,16.998912811279297,107.59851837158203
2022-11-16,171.06228637695312,163.43951416015625,56.9581298828125,442.3676452636719,168.3545379638672,16.918476104736328,106.44835662841797
2022-11-17,171.5468292236328,164.7586669921875,57.13694381713867,448.56329345703125,169.95944213867188,16.936351776123047,106.58976745605469
2022-11-18,170.5217742919922,166.02122497558594,57.54164123535156,452.4059143066406,171.1867218017578,16.954227447509766,105.66586303710938
2022-11-21,168.89102172851562,166.87472534179688,58.42631912231445,456.31500244140625,174.48150634765625,16.838043212890625,104.619384765625
2022-11-22,173.2241973876953,167.68077087402344,58.680423736572266,454.9486999511719,174.50038146972656,16.98103904724121,107.64567565917969
2022-11-23,171.68661499023438,167.8609619140625,58.94394302368164,456.4383239746094,174.72698974609375,17.061473846435547,107.1082992553711
2022-11-25,171.18341064453125,168.07908630371094,59.00041198730469,458.7059326171875,173.8112335205078,17.088287353515625,106.7311782836914
2022-11-28,166.20726013183594,168.1644287109375,59.00982666015625,458.46875,173.60353088378906,16.820167541503906,103.5257568359375
2022-11-29,168.69532775878906,166.98851013183594,58.80278015136719,459.31317138671875,172.37625122070312,16.989974975585938,104.2139892578125
2022-11-30,170.81997680664062,168.7998046875,60.290855407714844,463.2179870605469,175.13290405273438,17.23128890991211,104.96819305419922
2022-12-01,170.0558624267578,169.5015411376953,60.46146011352539,461.78594970703125,176.59580993652344,17.150848388671875,104.4591064453125
2022-12-02,168.69532775878906,169.6343231201172,60.99223327636719,473.758056640625,176.3963165283203,16.998912811279297,103.5728988647461
2022-12-05,164.5299072265625,169.5394744873047,60.15815353393555,468.4498291015625,173.95497131347656,16.757606506347656,100.73515319824219
2022-12-06,160.2899169921875,166.99798583984375,60.12971878051758,462.0819091796875,172.53955078125,17.13297462463379,97.93510437011719
2022-12-07,160.76516723632812,168.0126953125,60.22450637817383,459.40869140625,173.06202697753906,17.249160766601562,97.71829223632812
2022-12-08,161.7156524658203,168.04112243652344,60.48041534423828,463.3993835449219,174.58192443847656,17.088287353515625,98.44420623779297
2022-12-09,156.5531463623047,166.6566162109375,59.84537124633789,461.6808776855469,173.9359893798828,17.061473846435547,97.61457824707031
2022-12-12,158.1839141845703,168.64805603027344,60.63206481933594,464.29681396484375,174.76243591308594,17.249160766601562,100.01864624023438
2022-12-13,161.7063446044922,169.94723510742188,60.651023864746094,458.4730224609375,174.66741943359375,17.088287353515625,101.11225891113281
2022-12-14,160.588134765625,170.4688262939453,60.651023864746094,463.2179870605469,174.18296813964844,16.891664505004883,100.36747741699219
2022-12-15,159.38601684570312,168.31613159179688,59.81693649291992,457.1078186035156,171.22860717773438,16.507356643676758,99.40585327148438
2022-12-16,157.22409057617188,166.59022521972656,59.475730895996094,459.9719543457031,171.3140869140625,16.525232315063477,98.70819091796875
2022-12-19,158.3050537109375,166.41001892089844,59.5610237121582,459.9719543457031,172.26406860351562,15.962178230285645,99.15129089355469
2022-12-20,160.90493774414062,166.59022521972656,59.51363754272461,464.1345520019531,172.15957641601562,16.14986228942871,100.58432006835938
2022-12-21,162.79664611816406,168.49630737304688,60.4709358215332,465.56658935546875,173.36599731445312,16.221363067626953,101.87590026855469
2022-12-22,160.3551483154297,167.8799285888672,60.03493881225586,457.59466552734375,172.0265655517578,16.328609466552734,99.82066345214844
2022-12-23,165.31265258789062,168.30665588378906,60.48989486694336,461.4040222167969,173.1380157470703,16.364360809326172,102.46041870117188
2022-12-27,167.39073181152344,168.25921630859375,60.85954284667969,463.5139465332031,173.90748596191406,16.49842071533203,103.8840103149414
2022-12-28,164.92127990722656,167.529052734375,60.25293731689453,461.33721923828125,172.65353393554688,16.283924102783203,102.17759704589844
2022-12-29,166.1699981689453,168.38253784179688,60.61310958862305,464.9938049316406,172.8720245361328,16.489482879638672,102.9506607055664
2022-12-30,167.26026916503906,167.51954650878906,60.290855407714844,464.4591064453125,171.6180877685547,16.453731536865234,103.98772430419922
