Date,BAC,COST,CVX,MRNA,NVDA,PFE,XRP-USD
2021-01-04,27.381515502929688,362.04583740234375,72.39886474609375,111.7300033569336,13.081204414367676,31.410316467285156,0.23667700588703156
2021-01-05,27.591230392456055,357.84588623046875,74.35604858398438,109.18000030517578,13.371737480163574,31.73457908630371,0.22675000131130219
2021-01-06,29.314542770385742,352.3982849121094,76.74913024902344,116.26000213623047,12.583430290222168,31.461509704589844,0.2508949935436249
2021-01-07,29.96192741394043,350.39825439453125,77.10807037353516,115.08999633789062,13.311136245727539,31.62364959716797,0.32600200176239014
2021-01-08,29.661026000976562,352.3221130371094,77.84310150146484,112.75,13.244050025939941,31.683378219604492,0.32322999835014343
2021-01-11,30.153409957885742,346.67449951171875,78.28750610351562,117.26000213623047,13.58795166015625,32.229496002197266,0.28890499472618103
2021-01-12,30.691373825073242,346.8554382324219,79.77464294433594,124.55000305175781,13.451539993286133,31.72603988647461,0.2921229898929596
2021-01-13,30.509004592895508,349.4744873046875,79.6977310180664,124.05999755859375,13.498422622680664,31.45297622680664,0.3055799901485443
2021-01-14,30.992265701293945,345.0935363769531,81.61216735839844,129.72000122070312,13.167741775512695,31.35912322998047,0.2954379916191101
2021-01-15,30.098690032958984,344.9126281738281,78.70630645751953,129.64999389648438,12.827831268310547,31.316457748413086,0.28040599822998047
2021-01-19,29.879865646362305,337.58880615234375,80.77459716796875,125.01000213623047,12.993172645568848,31.342050552368164,0.2943139970302582
2021-01-20,29.487789154052734,344.093505859375,81.51815795898438,125.13999938964844,13.332832336425781,31.14578628540039,0.2965179979801178
2021-01-21,28.96805763244629,345.5220947265625,78.63792419433594,132.97999572753906,13.833346366882324,31.128719329833984,0.26894599199295044
2021-01-22,28.76746368408203,345.04583740234375,78.39862060546875,131.02000427246094,13.678727149963379,31.18844985961914,0.27279898524284363
2021-01-25,28.41185760498047,344.64593505859375,77.68923950195312,147.0,13.619625091552734,31.81136703491211,0.269089013338089
2021-01-26,28.211261749267578,347.598388671875,76.37305450439453,151.92999267578125,13.40216064453125,31.83696937561035,0.26882699131965637
2021-01-27,27.199153900146484,339.41741943359375,75.38163757324219,155.72999572753906,12.885934829711914,30.923933029174805,0.2519429922103882
2021-01-28,27.64594268798828,340.05548095703125,76.08247375488281,159.5500030517578,13.018858909606934,30.93256187438965,0.26412200927734375
2021-01-29,27.035030364990234,335.6459655761719,72.8176498413086,173.16000366210938,12.957759857177734,30.967060089111328,0.2821879982948303
2021-02-01,27.317691802978516,333.826904296875,73.85179138183594,157.47999572753906,13.204401969909668,30.88079261779785,0.37150898575782776
2021-02-02,28.29332160949707,338.6459655761719,74.40734100341797,158.5800018310547,13.523362159729004,30.18210792541504,0.369269996881485
2021-02-03,28.794815063476562,338.2936096191406,76.03120422363281,165.86000061035156,13.497177124023438,30.052711486816406,0.3934899866580963
2021-02-04,29.633678436279297,339.5722351074219,76.06536865234375,173.30999755859375,13.630599021911621,30.09584617614746,0.44644901156425476
2021-02-05,29.515140533447266,338.92340087890625,76.28758239746094,176.24000549316406,13.557526588439941,30.121721267700195,0.45004698634147644
2021-02-08,30.171642303466797,343.37017822265625,78.18495178222656,185.97999572753906,14.403188705444336,30.035465240478516,0.44770199060440063
2021-02-09,30.043991088867188,343.112548828125,77.74052429199219,179.52000427246094,14.228120803833008,30.16485023498535,0.47199100255966187
2021-02-10,30.071348190307617,339.82989501953125,79.07379913330078,179.33999633789062,14.727887153625488,29.96645736694336,0.503445029258728
2021-02-11,29.980167388916016,336.0892028808594,78.64647674560547,183.44000244140625,15.213189125061035,29.699050903320312,0.5247870087623596
2021-02-12,30.42694664001465,336.6141052246094,79.09944915771484,183.74000549316406,14.92440414428711,29.949199676513672,0.6085919737815857
2021-02-16,31.247570037841797,337.806884765625,80.72026062011719,178.52999877929688,15.292494773864746,29.923324584960938,0.5208460092544556
2021-02-17,31.37522315979004,341.6621398925781,83.13849639892578,176.75999450683594,14.869288444519043,30.09584617614746,0.5355370044708252
2021-02-18,31.174623489379883,340.5933532714844,82.34107971191406,169.57000732421875,14.79248046875,29.81118392944336,0.5324329733848572
2021-02-19,31.49376678466797,338.5416564941406,83.03449249267578,174.74000549316406,14.889738082885742,29.707674026489258,0.567018985748291
2021-02-22,32.049964904785156,334.19024658203125,85.27937316894531,159.3699951171875,14.320394515991211,29.55240821838379,0.571740984916687
2021-02-23,32.3873291015625,326.49896240234375,86.35411834716797,150.1699981689453,14.107170104980469,29.250499725341797,0.47356298565864563
2021-02-24,33.17148208618164,325.1153564453125,89.54376220703125,144.7899932861328,14.463292121887207,29.112485885620117,0.4718320071697235
2021-02-25,32.761165618896484,318.6263122558594,88.71168518066406,148.3800048828125,13.274724960327148,29.172870635986328,0.4345239996910095
2021-02-26,31.64876365661621,315.8590087890625,86.67483520507812,154.80999755859375,13.68072509765625,28.88821029663086,0.4278999865055084
2021-03-01,32.633514404296875,316.59381103515625,88.45165252685547,157.39999389648438,13.807660102844238,29.060728073120117,0.44724398851394653
2021-03-02,32.39643859863281,313.4351806640625,88.7896957397461,146.80999755859375,13.3732328414917,28.905466079711914,0.43683698773384094
2021-03-03,33.207950592041016,309.1028747558594,89.78645324707031,131.22000122070312,12.773218154907227,29.66454315185547,0.45027899742126465
2021-03-04,33.446205139160156,304.44610595703125,90.57518768310547,132.3000030517578,12.339784622192383,29.500656127929688,0.4866049885749817
2021-03-05,33.84022521972656,302.8047790527344,94.47555541992188,132.19000244140625,12.430809020996094,29.66454315185547,0.4581190049648285
2021-03-08,34.02349090576172,297.1747131347656,95.12561798095703,123.47000122070312,11.564699172973633,29.630041122436523,0.47359699010849
2021-03-09,33.2812614440918,304.197998046875,94.90892791748047,130.8699951171875,12.49372386932373,29.71630096435547,0.48598799109458923
2021-03-10,34.243412017822266,309.0169677734375,96.5297622680664,129.75,12.4418363571167,30.130342483520508,0.4631659984588623
2021-03-11,34.124290466308594,313.61651611328125,96.37374877929688,140.47000122070312,12.965973854064941,29.94057846069336,0.4529600143432617
2021-03-12,34.765724182128906,315.99261474609375,96.69444274902344,136.99000549316406,12.828763008117676,30.138967514038086,0.44113099575042725
2021-03-15,34.591617584228516,315.3913879394531,95.55899047851562,143.66000366210938,13.16330337524414,30.54438591003418,0.4375549852848053
2021-03-16,34.49082565307617,312.280517578125,93.29678344726562,156.02000427246094,13.263092041015625,30.906688690185547,0.4625999927520752
2021-03-17,34.7748908996582,314.1318054199219,93.63481140136719,147.5500030517578,13.31298828125,30.872180938720703,0.4724169969558716
2021-03-18,35.68205261230469,308.2058410644531,90.24583435058594,141.4600067138672,12.69554615020752,30.854923248291016,0.4729189872741699
2021-03-19,35.30636215209961,313.8646240234375,89.60443115234375,143.74000549316406,12.818535804748535,30.64790916442871,0.47117099165916443
2021-03-22,34.5091438293457,319.1893005371094,88.87635040283203,145.60000610351562,13.158313751220703,31.05331039428711,0.5499420166015625
2021-03-23,33.81273651123047,324.771728515625,88.38232421875,136.52000427246094,13.043061256408691,30.50126075744629,0.5565950274467468
2021-03-24,33.81273651123047,322.5770568847656,90.74854278564453,131.61000061035156,12.616215705871582,30.71690559387207,0.48883700370788574
2021-03-25,34.5091438293457,330.4973449707031,91.06922912597656,133.3300018310547,12.508692741394043,30.768659591674805,0.5174980163574219
2021-03-26,35.443809509277344,335.91748046875,93.15811157226562,133.27999877929688,12.812047958374023,31.268970489501953,0.5670549869537354
2021-03-29,35.10477066040039,339.8585510253906,92.67272186279297,123.41999816894531,12.920817375183105,31.588125228881836,0.5678709745407104
2021-03-30,35.72787857055664,333.75128173828125,91.81464385986328,118.48999786376953,12.844480514526367,31.14820671081543,0.5668590068817139
2021-03-31,35.45297622680664,336.3564758300781,90.8265609741211,130.9499969482422,13.31997299194336,31.251720428466797,0.573868989944458
2021-04-01,36.18604278564453,338.70391845703125,91.65862274169922,132.5500030517578,13.782489776611328,31.312097549438477,0.5792919993400574
2021-04-05,36.4701042175293,344.31494140625,90.58384704589844,129.91000366210938,13.957868576049805,31.294845581054688,0.9204729795455933
2021-04-06,36.369300842285156,343.6469421386719,89.77780151367188,133.52999877929688,13.832133293151855,31.096446990966797,1.0962660312652588
2021-04-07,36.69919204711914,342.3968505859375,90.30651092529297,131.47000122070312,14.11353588104248,30.97568702697754,0.917576014995575
2021-04-08,36.37846755981445,344.6966247558594,89.29241943359375,133.8800048828125,14.286670684814453,31.018814086914062,1.0527559518814087
2021-04-09,36.644203186035156,346.59564208984375,89.20572662353516,140.9199981689453,14.369494438171387,31.57086753845215,1.0208369493484497
2021-04-12,36.70834732055664,348.1224365234375,88.2176284790039,139.39999389648438,15.176778793334961,31.890029907226562,1.4677350521087646
2021-04-13,36.0302619934082,348.50408935546875,88.61634063720703,149.7100067138672,15.646282196044922,32.05392837524414,1.7940009832382202
2021-04-14,36.54341506958008,346.5574645996094,90.37583923339844,160.02999877929688,15.244637489318848,32.06255340576172,1.8392360210418701
2021-04-15,35.49879455566406,351.929931640625,89.63909912109375,159.8699951171875,16.103063583374023,32.4334716796875,1.7660670280456543
2021-04-16,35.87448501586914,353.76202392578125,89.24039459228516,170.80999755859375,15.878787994384766,33.27019119262695,1.55752694606781
2021-04-19,35.8928108215332,352.6456298828125,89.50043487548828,161.91000366210938,15.329205513000488,33.580711364746094,1.3150440454483032
2021-04-20,34.89400863647461,354.72589111328125,87.82760620117188,156.77999877929688,15.139110565185547,33.66697311401367,1.3832989931106567
2021-04-21,35.480464935302734,356.9779052734375,89.04105377197266,169.5,15.327957153320312,34.0982666015625,1.2964979410171509
2021-04-22,35.15058135986328,354.2773742675781,87.49824523925781,168.10000610351562,14.818790435791016,33.330562591552734,1.159682035446167
2021-04-23,35.901981353759766,356.2049865722656,88.01829528808594,173.6300048828125,15.23291015625,33.347808837890625,1.169659972190857
2021-04-26,36.11273193359375,351.6627502441406,87.99227905273438,177.61000061035156,15.445211410522461,33.36507034301758,1.3685059547424316
2021-04-27,36.54341506958008,353.2754211425781,89.01505279541016,183.41000366210938,15.349162101745605,33.16667175292969,1.4009549617767334
2021-04-28,36.68086242675781,352.6838073730469,91.19924926757812,178.67999267578125,15.244386672973633,33.47720718383789,1.3586009740829468
2021-04-29,37.67049789428711,357.2166748046875,92.65538024902344,175.6699981689453,15.29228401184082,33.296051025390625,1.399359941482544
2021-04-30,37.1390266418457,355.8299560546875,89.33573913574219,178.82000732421875,14.977701187133789,33.339195251464844,1.5916739702224731
2021-05-03,37.16651916503906,362.7440490722656,91.46794891357422,186.02000427246094,14.805316925048828,34.357051849365234,1.555994987487793
2021-05-04,37.5697021484375,358.8901672363281,91.97066497802734,173.58999633789062,14.320845603942871,34.4605598449707,1.3923759460449219
2021-05-05,37.92707443237305,356.2220764160156,94.44088745117188,162.83999633789062,14.42786979675293,34.47780990600586,1.6145119667053223
2021-05-06,38.495201110839844,366.03375244140625,94.4928970336914,160.5,14.492233276367188,34.13808059692383,1.6005810499191284
2021-05-07,38.65098571777344,367.5255432128906,95.35964965820312,163.14999389648438,14.780872344970703,34.47780990600586,1.5817550420761108
2021-05-10,38.5318603515625,364.8096618652344,94.9696044921875,158.5500030517578,14.235528945922852,34.721717834472656,1.3890060186386108
2021-05-11,38.09201431274414,361.65386962890625,92.4820327758789,158.99000549316406,14.27593994140625,34.277462005615234,1.4776819944381714
2021-05-12,37.734642028808594,355.93524169921875,93.06275939941406,152.67999267578125,13.729353904724121,34.573631286621094,1.247864007949829
2021-05-13,38.33942413330078,362.94482421875,92.4646987915039,149.8699951171875,13.636301040649414,34.93077850341797,1.3589099645614624
2021-05-14,38.81591796875,367.6211853027344,94.88292694091797,161.3800048828125,14.212825775146484,34.86109924316406,1.4029170274734497
2021-05-17,39.164127349853516,367.1812744140625,96.04438781738281,160.42999267578125,14.135489463806152,34.939491271972656,1.4962999820709229
2021-05-18,38.63264846801758,366.08154296875,93.15787506103516,159.52999877929688,13.986058235168457,34.88722610473633,1.5907340049743652
2021-05-19,38.45854949951172,363.0692138671875,90.5433349609375,157.99000549316406,14.0359525680542,34.695579528808594,1.0703129768371582
2021-05-20,38.36691665649414,366.8179016113281,90.85918426513672,165.97000122070312,14.581543922424316,34.94820022583008,1.1855369806289673
2021-05-21,38.852569580078125,364.08282470703125,91.35051727294922,161.4499969482422,14.959989547729492,34.80011749267578,1.0069760084152222
2021-05-24,39.063331604003906,366.69354248046875,92.64899444580078,164.1699981689453,15.578927040100098,34.67816162109375,0.9928349852561951
2021-05-25,38.495201110839844,368.5392761230469,91.13117980957031,169.25999450683594,15.614598274230957,34.260040283203125,0.976186990737915
2021-05-26,38.52269744873047,368.76873779296875,91.35051727294922,175.58999633789062,15.666739463806152,33.902896881103516,1.0337250232696533
2021-05-27,38.990020751953125,370.56658935546875,90.37663269042969,179.5399932861328,15.455188751220703,33.66770553588867,0.9702349901199341
2021-05-28,38.84341049194336,361.7399597167969,91.06098175048828,185.00999450683594,16.210081100463867,33.73738479614258,0.9001479744911194
2021-06-01,39.32905960083008,361.7016906738281,93.57022094726562,184.66000366210938,16.23004722595215,33.53702926635742,1.0110009908676147
2021-06-02,39.34739303588867,363.95855712890625,94.82484436035156,191.60000610351562,16.742704391479492,33.78965377807617,1.024399995803833
2021-06-03,39.798282623291016,367.09521484375,94.39493560791016,195.22000122070312,16.93379783630371,33.946449279785156,1.045320987701416
2021-06-04,39.81669616699219,370.5856628417969,95.14945983886719,206.07000732421875,17.541006088256836,34.103240966796875,0.970196008682251
2021-06-07,39.678653717041016,363.77691650390625,94.53530883789062,219.57000732421875,17.58167266845703,33.963871002197266,0.8611549735069275
2021-06-08,39.45781707763672,363.10748291015625,95.39513397216797,213.0,17.420019149780273,33.84191131591797,0.8757879734039307
2021-06-09,38.94251251220703,363.3560485839844,94.56163024902344,217.44000244140625,17.32544708251953,34.67816162109375,0.9200339913368225
2021-06-10,38.36278533935547,366.2727966308594,95.11438751220703,217.0,17.39206886291504,35.43600845336914,0.8691819906234741
2021-06-11,38.51921844482422,365.1443786621094,94.67571258544922,218.85000610351562,17.791563034057617,34.974334716796875,0.8484500050544739
2021-06-14,38.05911636352539,366.9899597167969,94.72834014892578,207.41000366210938,17.984695434570312,34.5213623046875,0.8928970098495483
2021-06-15,38.08673095703125,367.13348388671875,96.77257537841797,201.58999633789062,17.754884719848633,34.486515045166016,0.8898000121116638
2021-06-16,38.298370361328125,362.83013916015625,96.21984100341797,197.83999633789062,17.776592254638672,34.23390197753906,0.8319079875946045
2021-06-17,36.623626708984375,367.93670654296875,93.93871307373047,202.47000122070312,18.621990203857422,34.39070510864258,0.8414379954338074
2021-06-18,35.685035705566406,364.2358703613281,90.39419555664062,199.19000244140625,18.603525161743164,33.80706787109375,0.797648012638092
2021-06-21,36.57761001586914,369.8971862792969,93.04380798339844,208.24000549316406,18.39242935180664,34.33843994140625,0.6103879809379578
2021-06-22,36.780059814453125,375.0420837402344,93.35089874267578,221.36000061035156,18.851055145263672,34.503944396972656,0.5450670123100281
2021-06-23,36.991703033447266,374.84124755859375,93.23683166503906,212.0399932861328,19.021236419677734,34.016136169433594,0.6265349984169006
2021-06-24,37.5714225769043,374.93682861328125,94.0001220703125,220.13999938964844,19.169206619262695,34.13808059692383,0.671999990940094
2021-06-25,38.298370361328125,377.2702331542969,94.14051818847656,219.94000244140625,18.995037078857422,33.955162048339844,0.6133229732513428
2021-06-28,38.24315643310547,379.2115478515625,91.23645782470703,222.94000244140625,19.94723129272461,34.07710647583008,0.643746018409729
2021-06-29,37.62662887573242,381.36322021484375,91.03466033935547,234.4600067138672,19.98890495300293,34.0596809387207,0.7017250061035156
2021-06-30,37.93950271606445,378.3795471191406,91.89447021484375,234.97999572753906,19.96470069885254,34.11195373535156,0.7063739895820618
2021-07-01,38.224761962890625,377.28936767578125,93.18417358398438,235.11000061035156,20.173803329467773,34.46038818359375,0.6611800193786621
2021-07-02,37.86589050292969,381.5066833496094,93.06134796142578,234.3000030517578,20.448284149169922,34.60847473144531,0.6567630171775818
2021-07-06,36.8720703125,381.43017578125,91.23645782470703,233.33999633789062,20.65938377380371,34.22519302368164,0.6654019951820374
2021-07-07,36.57761001586914,386.9958190917969,90.30644989013672,221.89999389648438,20.333251953125,34.277462005615234,0.6515750288963318
2021-07-08,35.685035705566406,389.3579406738281,90.01692962646484,232.7899932861328,19.86513900756836,34.19035339355469,0.623058021068573
2021-07-09,36.8444709777832,394.3497619628906,91.306640625,232.80999755859375,20.012361526489258,34.503944396972656,0.6368039846420288
2021-07-12,37.38738250732422,390.0560302734375,91.49089813232422,239.33999633789062,20.473737716674805,34.63460922241211,0.6301779747009277
2021-07-13,36.678829193115234,389.2718200683594,91.18380737304688,235.14999389648438,20.211732864379883,34.53878402709961,0.6195229887962341
2021-07-14,35.758644104003906,392.03558349609375,89.46419525146484,246.66000366210938,19.804006576538086,34.80011749267578,0.6203240156173706
2021-07-15,35.73103713989258,393.8238525390625,88.87635803222656,259.67498779296875,18.930408477783203,34.92206573486328,0.5969409942626953
2021-07-16,34.8936653137207,392.4372253417969,86.52503967285156,286.42999267578125,18.126678466796875,35.1485481262207,0.5907739996910095
2021-07-19,33.98267364501953,396.05194091796875,84.19124603271484,313.5899963378906,18.7442626953125,34.974334716796875,0.5575559735298157
2021-07-20,34.68202590942383,398.0506896972656,84.69136810302734,307.3299865722656,18.576828002929688,35.75831604003906,0.5293359756469727
2021-07-21,35.39056396484375,396.87445068359375,87.5778579711914,321.1099853515625,19.37331771850586,35.73218536376953,0.569998025894165
2021-07-22,34.93046569824219,399.2939147949219,86.70051574707031,323.4800109863281,19.556970596313477,36.124176025390625,0.5922060012817383
2021-07-23,34.691219329833984,404.9264831542969,86.73561096191406,348.8299865722656,19.521039962768555,36.30710983276367,0.6092240214347839
2021-07-26,35.0869026184082,404.7352294921875,88.56929016113281,335.8699951171875,19.257537841796875,36.420345306396484,0.6256179809570312
2021-07-27,34.94887924194336,405.79669189453125,88.27098083496094,328.5,19.17169952392578,36.67295455932617,0.6446040272712708
2021-07-28,35.0869026184082,403.76934814453125,88.77108001708984,349.32000732421875,19.46613883972168,37.848934173583984,0.7254449725151062
2021-07-29,35.5930061340332,407.45806884765625,89.99061584472656,345.6400146484375,19.624845504760742,37.611610412597656,0.7480170130729675
2021-07-30,35.29854202270508,411.7119445800781,89.32379913330078,353.6000061035156,19.462156295776367,37.62919616699219,0.7521190047264099
2021-08-02,34.93046569824219,410.9454650878906,89.16587829589844,346.6099853515625,19.712677001953125,38.6400146484375,0.7392200231552124
2021-08-03,35.473384857177734,416.8377685546875,90.01692962646484,386.510009765625,19.77755355834961,40.1518669128418,0.7127289772033691
2021-08-04,35.215736389160156,416.8089599609375,87.99901580810547,419.04998779296875,20.235687255859375,39.721160888671875,0.7304880023002625
2021-08-05,35.905879974365234,424.6174621582031,88.81494140625,416.260009765625,20.597997665405273,39.60689926147461,0.7331510186195374
2021-08-06,36.9456901550293,421.2066650390625,89.4466323852539,413.7200012207031,20.327512741088867,39.61569595336914,0.7465130090713501
2021-08-09,37.424190521240234,422.0114440917969,87.95513153076172,484.4700012207031,20.25664520263672,40.415557861328125,0.8185529708862305
2021-08-10,38.12353515625,424.46417236328125,89.5606918334961,456.760009765625,19.89832305908203,42.35811233520508,0.8512470126152039
2021-08-11,38.60203552246094,425.68096923828125,90.23626708984375,385.3299865722656,19.661773681640625,40.705631256103516,1.0125240087509155
2021-08-12,38.78607177734375,426.69647216796875,90.05203247070312,391.4200134277344,19.867385864257812,41.5230827331543,0.9645490050315857
2021-08-13,38.307579040527344,429.053466796875,89.45540618896484,389.7799987792969,20.14984703063965,42.61301803588867,1.089959979057312
2021-08-16,37.99470901489258,433.8822021484375,88.54297637939453,373.8599853515625,19.91230010986328,42.99097442626953,1.1909929513931274
2021-08-17,37.8106689453125,433.3840026855469,88.37628173828125,401.8599853515625,19.42122459411621,44.3182373046875,1.0981990098953247
2021-08-18,37.534610748291016,427.51092529296875,85.9843521118164,398.79998779296875,19.004018783569336,43.34257507324219,1.14609694480896
2021-08-19,36.98249435424805,435.2235412597656,83.84140014648438,375.5299987792969,19.760587692260742,42.89429473876953,1.232841968536377
2021-08-20,37.14813995361328,439.7553405761719,83.85031127929688,382.9800109863281,20.776660919189453,42.823974609375,1.2632219791412354
2021-08-23,37.64503860473633,435.8654479980469,86.01103210449219,411.8900146484375,21.916501998901367,43.88753890991211,1.2472699880599976
2021-08-24,38.16954040527344,432.8570556640625,86.9980239868164,394.94000244140625,21.751815795898438,42.525123596191406,1.1373519897460938
2021-08-25,38.78607177734375,432.320556640625,87.59378051757812,397.8699951171875,22.171016693115234,41.760406494140625,1.1725289821624756
2021-08-26,38.68486022949219,430.48101806640625,86.44672393798828,400.29998779296875,22.02629280090332,41.64613342285156,1.0752660036087036
2021-08-27,39.09893798828125,431.4678649902344,87.7093734741211,382.2200012207031,22.593225479125977,40.96053695678711,1.1884729862213135
2021-08-30,38.335174560546875,436.8235778808594,87.48707580566406,370.69000244140625,22.64512825012207,41.101165771484375,1.1014349460601807
2021-08-31,38.417999267578125,436.4020080566406,86.04659271240234,376.69000244140625,22.346641540527344,40.49467468261719,1.1875929832458496
2021-09-01,37.90269470214844,437.3888854980469,85.10407257080078,389.94000244140625,22.402542114257812,40.468299865722656,1.234889030456543
2021-09-02,37.9396858215332,441.6523742675781,86.8824234008789,397.6600036621094,22.35761833190918,41.171485900878906,1.256324052810669
2021-09-03,37.96743392944336,443.16619873046875,86.68682098388672,416.70001220703125,22.803850173950195,41.171485900878906,1.2914350032806396
2021-09-07,38.217159271240234,440.3398132324219,86.30445861816406,436.3900146484375,22.6231632232666,41.09238052368164,1.1250989437103271
2021-09-08,37.717716217041016,446.18414306640625,85.70870971679688,422.8999938964844,22.300718307495117,40.88142395019531,1.1007200479507446
2021-09-09,37.856449127197266,446.4141845703125,85.36193084716797,455.9200134277344,22.138992309570312,40.459510803222656,1.0894010066986084
2021-09-10,37.24600601196289,445.6668395996094,85.4241714477539,449.3800048828125,22.439477920532227,40.07276153564453,1.0572669506072998
2021-09-13,37.865699768066406,440.3973083496094,87.1136245727539,419.7200012207031,22.114038467407227,39.18499755859375,1.0646779537200928
2021-09-14,36.84830093383789,439.19964599609375,85.5397720336914,427.7099914550781,22.203882217407227,39.29925537109375,1.0965739488601685
2021-09-15,37.125770568847656,441.4224548339844,87.35370635986328,434.4599914550781,22.30271339416504,39.35199737548828,1.121353030204773
2021-09-16,37.4124870300293,443.8943176269531,86.53565216064453,440.6499938964844,22.203882217407227,39.08830642700195,1.0914980173110962
2021-09-17,37.4587287902832,440.25360107421875,86.03771209716797,430.04998779296875,21.862470626831055,38.578495025634766,1.0655980110168457
2021-09-20,36.17311477661133,432.234375,84.277099609375,423.3299865722656,21.076818466186523,38.850975036621094,0.9171519875526428
2021-09-21,36.191612243652344,433.1636657714844,84.33935546875,434.0400085449219,21.2095890045166,38.6048583984375,0.8763290047645569
2021-09-22,37.125770568847656,433.37445068359375,86.82019805908203,440.7200012207031,21.90339469909668,38.631229400634766,1.0040760040283203
2021-09-23,38.55937957763672,433.8056335449219,88.97201538085938,454.6000061035156,22.443471908569336,38.842185974121094,1.0020400285720825
2021-09-24,38.975589752197266,448.1482238769531,89.4521713256836,430.1400146484375,22.043153762817383,38.622440338134766,0.9459239840507507
2021-09-27,40.01148223876953,441.2595520019531,91.55956268310547,408.8399963378906,21.62287712097168,38.297218322753906,0.9236850142478943
2021-09-28,39.91898727416992,428.6031494140625,91.90633392333984,384.2099914550781,20.66352081298828,37.83136749267578,0.893688976764679
2021-09-29,39.835750579833984,432.8570556640625,91.87965393066406,378.8999938964844,20.481842041015625,38.262062072753906,0.9283490180969238
2021-09-30,39.26231002807617,430.519287109375,90.20797729492188,384.8599853515625,20.680496215820312,37.80499267578125,0.9526360034942627
2021-10-01,39.845001220703125,429.54205322265625,92.76886749267578,341.0899963378906,20.706453323364258,37.73466873168945,1.0426239967346191
2021-10-04,40.085472106933594,421.6952819824219,93.11563873291016,325.8399963378906,19.698184967041016,37.28638458251953,1.043004035949707
2021-10-05,40.89938735961914,427.5396728515625,94.12930297851562,332.1099853515625,20.415950775146484,37.198486328125,1.0855029821395874
2021-10-06,40.91789245605469,430.5097351074219,93.3023681640625,302.4200134277344,20.664520263671875,36.9348030090332,1.0776560306549072
2021-10-07,40.80690383911133,433.8918151855469,93.96924591064453,309.3599853515625,21.038883209228516,37.56766891479492,1.0680259466171265
2021-10-08,41.0103759765625,432.91455078125,96.07662200927734,304.9100036621094,20.795299530029297,37.31276321411133,1.0628910064697266
2021-10-11,40.492427825927734,430.85467529296875,95.25857543945312,305.1000061035156,20.65953254699707,36.9699592590332,1.137887954711914
2021-10-12,40.27045440673828,428.1432189941406,95.27635955810547,311.1300048828125,20.635574340820312,36.78537368774414,1.1018589735031128
2021-10-13,39.90049362182617,426.6390075683594,95.84542083740234,321.5,20.90311050415039,36.407405853271484,1.128391981124878
2021-10-14,41.68556213378906,431.7744445800781,96.75238800048828,331.8800048828125,21.7087345123291,36.62715148925781,1.132315993309021
2021-10-15,42.887939453125,433.4319763183594,97.46375274658203,324.2099914550781,21.82453155517578,36.46893310546875,1.1405500173568726
2021-10-18,42.80470275878906,442.59136962890625,97.41929626464844,334.8399963378906,22.183916091918945,36.31951141357422,1.0838420391082764
2021-10-19,42.989681243896484,447.5063171386719,99.32215118408203,333.6099853515625,22.251798629760742,36.99631881713867,1.092079997062683
2021-10-20,43.55387496948242,450.0835876464844,100.62036895751953,333.010009765625,22.06511878967285,37.620399475097656,1.1423280239105225
2021-10-21,43.31339645385742,457.2309875488281,99.35771179199219,339.57000732421875,22.653106689453125,37.67313766479492,1.0893150568008423
2021-10-22,43.997833251953125,461.79150390625,100.30025482177734,326.5400085449219,22.68705177307129,37.93683624267578,1.0883740186691284
2021-10-25,43.94233703613281,469.5616149902344,101.2339096069336,349.55999755859375,23.126300811767578,37.928043365478516,1.0951579809188843
2021-10-26,44.358543395996094,465.18316650390625,101.45620727539062,345.739990234375,24.674636840820312,38.28843307495117,1.108093023300171
2021-10-27,43.50762939453125,468.61309814453125,99.65116119384766,340.8800048828125,24.40909194946289,37.76982879638672,0.9954519867897034
2021-10-28,44.19205856323242,470.7339782714844,100.58480072021484,347.9200134277344,24.898252487182617,37.95442199707031,1.0588200092315674
2021-10-29,44.19205856323242,471.70318603515625,101.80298614501953,345.2099914550781,25.523183822631836,38.446651458740234,1.0815030336380005
2021-11-01,44.25680160522461,472.0198669433594,101.83856201171875,337.1700134277344,25.782733917236328,38.35874938964844,1.0928670167922974
2021-11-02,44.28455352783203,476.9332275390625,101.21613311767578,348.6400146484375,26.355751037597656,39.949710845947266,1.1361960172653198
2021-11-03,44.737754821777344,482.0577087402344,100.48699188232422,345.9200134277344,26.55241584777832,39.39594650268555,1.2087960243225098
2021-11-04,43.775848388671875,494.8113098144531,100.93158721923828,284.0199890136719,29.749927520751953,38.88166046142578,1.202003002166748
2021-11-05,43.44288635253906,492.4122314453125,102.02527618408203,236.99000549316406,29.701011657714844,43.10234069824219,1.161532998085022
2021-11-08,43.78510284423828,483.4779968261719,102.38984680175781,244.67999267578125,30.75120735168457,42.85406494140625,1.282377004623413
2021-11-09,43.359642028808594,488.1802673339844,103.14566040039062,236.85000610351562,30.60445785522461,41.94076919555664,1.258929967880249
2021-11-10,43.6833610534668,485.1093444824219,101.50064086914062,228.9600067138672,29.408512115478516,43.46588134765625,1.1933729648590088
2021-11-11,43.92383575439453,491.51019287109375,101.50956726074219,225.82000732421875,30.337919235229492,44.49445343017578,1.2183640003204346
2021-11-12,43.387393951416016,496.29876708984375,101.57181549072266,231.19000244140625,30.337919235229492,44.09543991088867,1.1893550157546997
2021-11-15,43.516876220703125,498.90911865234375,103.87478637695312,235.07000732421875,29.973543167114258,44.024505615234375,1.1713709831237793
2021-11-16,43.54462432861328,505.4634094238281,104.2838134765625,234.27999877929688,30.15123748779297,43.98016357421875,1.0909340381622314
2021-11-17,43.01742172241211,505.0507507324219,103.81608581542969,242.22999572753906,29.21085548400879,45.106266021728516,1.096290946006775
2021-11-18,42.841697692871094,508.0064392089844,102.94361877441406,251.41000366210938,31.620716094970703,45.585086822509766,1.0419540405273438
2021-11-19,41.99078369140625,512.2481079101562,100.65899658203125,263.7799987792969,32.92847442626953,45.0442008972168,1.0914920568466187
2021-11-22,42.80470275878906,517.8716430664062,102.45791625976562,282.69000244140625,31.90123176574707,45.398887634277344,1.0366220474243164
2021-11-23,43.933082580566406,523.255126953125,104.60762786865234,276.3800048828125,31.691593170166016,45.292484283447266,1.0670570135116577
2021-11-24,44.05332946777344,527.5447998046875,105.40813446044922,273.3900146484375,32.618011474609375,45.124000549316406,1.0420750379562378
2021-11-26,42.32374954223633,524.090087890625,102.99757385253906,329.6300048828125,31.44900894165039,47.88162612915039,0.9363499879837036
2021-11-29,42.16651153564453,532.4869995117188,103.30340576171875,368.510009765625,33.31880569458008,46.462921142578125,0.9919610023498535
2021-11-30,41.13062286376953,517.6124877929688,101.5224609375,352.42999267578125,32.619998931884766,47.64222717285156,0.9987540245056152
2021-12-01,40.54792404174805,508.45745849609375,100.82987213134766,310.6099853515625,31.384967803955078,48.484588623046875,0.9909300208091736
2021-12-02,41.71891784667969,504.3023376464844,103.56424713134766,301.489990234375,32.074867248535156,47.03040313720703,0.9723119735717773
2021-12-03,40.77097702026367,507.584228515625,102.90763092041016,306.7200012207031,30.64415168762207,48.12104034423828,0.9222440123558044
2021-12-06,41.031192779541016,511.6819152832031,104.51766967773438,265.3299865722656,29.98919677734375,45.647159576416016,0.8282880187034607
2021-12-07,41.551631927490234,520.14599609375,106.06474304199219,282.3500061035156,32.375396728515625,45.85996627807617,0.8185880184173584
2021-12-08,41.04049301147461,508.71661376953125,106.54146575927734,283.3999938964844,31.77535057067871,45.57622146606445,0.863306999206543
2021-12-09,41.3471794128418,503.1698913574219,106.26264190673828,272.2099914550781,30.441471099853516,46.17918014526367,0.8612719774246216
2021-12-10,41.37505340576172,536.2680053710938,106.44252014160156,257.05999755859375,30.149938583374023,46.799861907958984,0.8010969758033752
2021-12-13,40.50145721435547,534.7324829101562,104.22985076904297,271.989990234375,28.116180419921875,48.9456787109375,0.7828940153121948
2021-12-14,41.012611389160156,523.33203125,104.5356674194336,277.1600036621094,28.291898727416992,49.24714279174805,0.7962489724159241
2021-12-15,40.836029052734375,542.6591796875,103.94200897216797,283.2799987792969,30.410524368286133,52.137779235839844,0.8274310231208801
2021-12-16,41.82114791870117,530.3278198242188,104.91343688964844,282.0199890136719,28.341819763183594,54.310184478759766,0.8062300086021423
2021-12-17,40.7802734375,525.5104370117188,102.17906951904297,294.79998779296875,27.75675392150879,52.74073028564453,0.7992910146713257
2021-12-20,40.111122131347656,526.4220581054688,102.22403717041016,276.3800048828125,27.674884796142578,54.106239318847656,0.8798279762268066
2021-12-21,41.06836700439453,523.4183349609375,103.86105346679688,268.1400146484375,29.028724670410156,52.27078628540039,0.9476460218429565
2021-12-22,41.15200424194336,527.4873657226562,104.4547119140625,251.36000061035156,29.35320472717285,52.80279541015625,0.9546989798545837
2021-12-23,41.28211975097656,528.158935546875,104.7065658569336,249.99000549316406,29.592824935913086,52.0579833984375,0.9932850003242493
2021-12-27,41.48657989501953,540.7303466796875,106.84728240966797,246.8800048828125,30.895748138427734,52.492454528808594,0.9261839985847473
2021-12-28,41.54233932495117,541.8531494140625,106.64039611816406,241.44000244140625,30.27373695373535,51.437286376953125,0.8529599905014038
2021-12-29,41.4772834777832,544.856689453125,106.09172821044922,247.8800048828125,29.953250885009766,51.05601119995117,0.8167139887809753
2021-12-30,41.38434600830078,541.1524658203125,105.62401580810547,251.60000610351562,29.53891372680664,51.783103942871094,0.8396490216255188
