Date,AMZN,BTC-USD,ETH-USD,INTC,NVDA,TSLA,XRP-USD
2023-01-03,85.81999969482422,16679.857421875,1214.77880859375,25.775144577026367,14.305582046508789,108.0999984741211,0.34382399916648865
2023-01-04,85.13999938964844,16863.23828125,1256.526611328125,26.69120979309082,14.73929500579834,113.63999938964844,0.3477939963340759
2023-01-05,83.12000274658203,16836.736328125,1250.4385986328125,26.575496673583984,14.255613327026367,110.33999633789062,0.33803901076316833
2023-01-06,86.08000183105469,16951.96875,1269.3790283203125,27.70370101928711,14.849225044250488,113.05999755859375,0.3446449935436249
2023-01-09,87.36000061035156,17196.5546875,1321.5389404296875,28.262983322143555,15.617717742919922,119.7699966430664,0.3493399918079376
2023-01-10,89.87000274658203,17446.29296875,1336.5860595703125,28.388338088989258,15.898533821105957,118.8499984741211,0.35124099254608154
2023-01-11,95.08999633789062,17934.896484375,1387.9327392578125,28.78369140625,15.990469932556152,123.22000122070312,0.37415799498558044
2023-01-12,95.2699966430664,18869.587890625,1417.9384765625,29.20797348022461,16.50013542175293,123.55999755859375,0.37519699335098267
2023-01-13,98.12000274658203,19909.57421875,1451.6148681640625,29.034404754638672,16.887880325317383,122.4000015258789,0.3858039975166321
2023-01-17,96.05000305175781,21161.51953125,1567.8460693359375,28.54262351989746,17.690351486206055,131.49000549316406,0.3877109885215759
2023-01-18,95.45999908447266,20688.78125,1515.5069580078125,27.780841827392578,17.365568161010742,128.77999877929688,0.3794519901275635
2023-01-19,93.68000030517578,21086.79296875,1552.5565185546875,27.404773712158203,16.753969192504883,127.16999816894531,0.3937849998474121
2023-01-20,97.25,22676.552734375,1659.754150390625,28.176193237304688,17.82726287841797,133.4199981689453,0.41334399580955505
2023-01-23,97.5199966430664,22934.431640625,1628.2510986328125,29.188688278198242,19.18037223815918,143.75,0.4249430000782013
2023-01-24,96.31999969482422,22636.46875,1556.604248046875,28.8511905670166,19.252321243286133,143.88999938964844,0.40770700573921204
2023-01-25,97.18000030517578,23117.859375,1611.7110595703125,28.63905143737793,19.310287475585938,144.42999267578125,0.41769298911094666
2023-01-26,99.22000122070312,23032.77734375,1603.10595703125,29.015119552612305,19.788970947265625,160.27000427246094,0.4101029932498932
2023-01-27,102.23999786376953,23078.728515625,1598.156494140625,27.154062271118164,20.35160255432129,177.89999389648438,0.41279101371765137
2023-01-30,100.55000305175781,22840.138671875,1567.3265380859375,26.951566696166992,19.149391174316406,166.66000366210938,0.39459100365638733
2023-01-31,103.12999725341797,23139.283203125,1586.535400390625,27.25048828125,19.524147033691406,173.22000122070312,0.4063889980316162
2023-02-01,105.1500015258789,23723.76953125,1641.792724609375,28.03155517578125,20.929222106933594,181.41000366210938,0.41389200091362
2023-02-02,112.91000366210938,23471.87109375,1643.2415771484375,29.111547470092773,21.69471549987793,188.27000427246094,0.40974700450897217
2023-02-03,103.38999938964844,23449.322265625,1664.74560546875,29.236900329589844,21.086118698120117,189.97999572753906,0.4122050106525421
2023-02-06,102.18000030517578,22760.109375,1616.2470703125,28.002227783203125,21.075122833251953,194.75999450683594,0.3928239941596985
2023-02-07,102.11000061035156,23264.291015625,1672.0035400390625,28.353595733642578,22.158411026000977,196.80999755859375,0.403903990983963
2023-02-08,100.05000305175781,22939.3984375,1650.716796875,27.56301498413086,22.19038963317871,201.2899932861328,0.39805200695991516
2023-02-09,98.23999786376953,21819.0390625,1546.438232421875,27.06523895263672,22.32230567932129,207.32000732421875,0.38246598839759827
2023-02-10,97.61000061035156,21651.18359375,1514.869140625,27.133562088012695,21.251008987426758,196.88999938964844,0.38264501094818115
2023-02-13,99.54000091552734,21808.1015625,1507.1658935546875,27.865581512451172,21.773662567138672,194.63999938964844,0.3716750144958496
2023-02-14,99.69999694824219,22220.8046875,1556.8751220703125,27.953426361083984,22.95588493347168,209.25,0.382407009601593
2023-02-15,101.16000366210938,24307.841796875,1673.7459716796875,28.158390045166016,22.749021530151367,214.24000549316406,0.4013519883155823
2023-02-16,98.1500015258789,23623.474609375,1640.067626953125,27.523975372314453,21.987524032592773,202.0399932861328,0.3851569890975952
2023-02-17,97.19999694824219,24565.6015625,1694.7833251953125,26.948116302490234,21.37392807006836,208.30999755859375,0.3953019976615906
2023-02-21,94.58000183105469,24436.353515625,1658.036376953125,25.435274124145508,20.641408920288086,197.3699951171875,0.3919050097465515
2023-02-22,95.79000091552734,24188.84375,1643.231689453125,24.859416961669922,20.740346908569336,200.86000061035156,0.3955860137939453
2023-02-23,95.81999969482422,23947.4921875,1651.0738525390625,24.996061325073242,23.64842987060547,202.07000732421875,0.38912999629974365
2023-02-24,93.5,23198.126953125,1608.3731689453125,24.537328720092773,23.270675659179688,196.8800048828125,0.37847700715065
2023-02-27,93.76000213623047,23522.87109375,1634.326416015625,24.303083419799805,23.485536575317383,207.6300048828125,0.3791149854660034
2023-02-28,94.2300033569336,23147.353515625,1605.8951416015625,24.33236312866211,23.200721740722656,205.7100067138672,0.3771499991416931
2023-03-01,92.16999816894531,23646.55078125,1663.4337158203125,24.7227725982666,22.683063507080078,202.77000427246094,0.38387900590896606
2023-03-02,92.12999725341797,23475.466796875,1647.3193359375,25.571918487548828,23.298662185668945,190.89999389648438,0.3775799870491028
2023-03-03,94.9000015258789,22362.6796875,1569.1676025390625,25.767126083374023,23.874279022216797,197.7899932861328,0.3776710033416748
2023-03-06,93.75,22429.7578125,1567.398681640625,25.366952896118164,23.538503646850586,193.80999755859375,0.3704710006713867
2023-03-07,93.55000305175781,22219.76953125,1561.93310546875,24.917980194091797,23.276630401611328,187.7100067138672,0.38054800033569336
2023-03-08,93.91999816894531,21718.080078125,1534.0882568359375,25.35719108581543,24.1691951751709,182.0,0.3891879916191101
2023-03-09,92.25,20363.021484375,1438.6607666015625,25.806167602539062,23.424558639526367,172.9199981689453,0.37213000655174255
2023-03-10,90.7300033569336,20187.244140625,1429.1580810546875,26.56746482849121,22.953786849975586,173.44000244140625,0.37062200903892517
2023-03-13,92.43000030517578,24197.533203125,1680.3089599609375,26.303937911987305,22.954784393310547,174.47999572753906,0.37378600239753723
2023-03-14,94.87999725341797,24746.07421875,1703.507080078125,27.33852767944336,24.051250457763672,183.25999450683594,0.3742789924144745
2023-03-15,96.19999694824219,24375.9609375,1656.1805419921875,27.728940963745117,24.216171264648438,180.4499969482422,0.36055800318717957
2023-03-16,100.04000091552734,25052.7890625,1677.2154541015625,29.456510543823242,25.528532028198242,184.1300048828125,0.36602500081062317
2023-03-17,98.94999694824219,27423.9296875,1792.485107421875,29.09537696838379,25.712440490722656,180.1300048828125,0.3803820013999939
2023-03-20,97.70999908447266,27767.236328125,1735.3212890625,28.46095848083496,25.887351989746094,183.25,0.3746280074119568
2023-03-21,100.61000061035156,28175.81640625,1806.7607421875,27.777738571166992,26.186208724975586,197.5800018310547,0.46970999240875244
2023-03-22,98.69999694824219,27307.4375,1737.717041015625,27.455650329589844,26.455078125,191.14999389648438,0.4224799871444702
2023-03-23,98.70999908447266,28333.97265625,1816.4051513671875,28.334074020385742,27.177724838256836,192.22000122070312,0.44484999775886536
2023-03-24,98.12999725341797,27493.28515625,1752.0447998046875,28.656166076660156,26.76592445373535,190.41000366210938,0.42590200901031494
2023-03-27,98.04000091552734,27139.888671875,1715.4608154296875,28.480480194091797,26.51804542541504,191.80999755859375,0.47999098896980286
2023-03-28,97.23999786376953,27268.130859375,1772.78564453125,28.58784294128418,26.397104263305664,189.19000244140625,0.5150579810142517
2023-03-29,100.25,28348.44140625,1793.0018310546875,30.764385223388672,26.970823287963867,193.8800048828125,0.5435770153999329
2023-03-30,102.0,28033.5625,1792.7371826171875,31.32071876525879,27.36962890625,195.27999877929688,0.5342490077018738
2023-03-31,103.29000091552734,28478.484375,1822.0220947265625,31.88681411743164,27.763439178466797,207.4600067138672,0.5384920239448547
2023-04-03,102.41000366210938,27790.220703125,1810.297119140625,32.101539611816406,27.951343536376953,194.77000427246094,0.49696001410484314
2023-04-04,103.94999694824219,28168.08984375,1871.005126953125,32.30650329589844,27.439594268798828,192.5800018310547,0.50347900390625
2023-04-05,101.0999984741211,28177.984375,1909.114013671875,32.0429801940918,26.867876052856445,185.52000427246094,0.5062350034713745
2023-04-06,102.05999755859375,28044.140625,1872.922607421875,32.023460388183594,27.023799896240234,185.05999755859375,0.5032979846000671
2023-04-10,102.16999816894531,29652.98046875,1911.20751953125,31.74040985107422,27.565534591674805,184.50999450683594,0.5183179974555969
2023-04-11,99.91999816894531,30235.05859375,1892.189697265625,31.57448387145996,27.155738830566406,186.7899932861328,0.5175179839134216
2023-04-12,97.83000183105469,30139.052734375,1920.68212890625,31.252397537231445,26.482065200805664,180.5399932861328,0.5061150193214417
2023-04-13,102.4000015258789,30399.06640625,2012.6346435546875,31.35976219177246,26.450077056884766,185.89999389648438,0.5132920145988464
2023-04-14,102.51000213623047,30485.69921875,2101.635498046875,31.12551498413086,26.74493408203125,185.0,0.5239930152893066
2023-04-17,102.73999786376953,29445.044921875,2076.242919921875,31.369518280029297,26.988819122314453,187.0399932861328,0.5111269950866699
2023-04-18,102.30000305175781,30397.552734375,2104.537353515625,31.066951751708984,27.653491973876953,184.30999755859375,0.532263994216919
2023-04-19,104.30000305175781,28822.6796875,1936.4034423828125,30.403255462646484,27.9173641204834,180.58999633789062,0.4915989935398102
2023-04-20,103.80999755859375,28245.98828125,1943.09765625,30.120206832885742,27.09076690673828,162.99000549316406,0.47485798597335815
2023-04-21,106.95999908447266,27276.91015625,1849.9998779296875,29.573627471923828,27.105758666992188,165.0800018310547,0.449396014213562
2023-04-24,106.20999908447266,27525.33984375,1842.7574462890625,28.948972702026367,27.02879524230957,162.5500030517578,0.4612730145454407
2023-04-25,102.56999969482422,28307.59765625,1866.753662109375,28.187671661376953,26.228187561035156,160.6699981689453,0.46999499201774597
2023-04-26,104.9800033569336,28422.701171875,1866.564208984375,28.353595733642578,26.942838668823242,153.75,0.46203699707984924
2023-04-27,109.81999969482422,29473.787109375,1908.786376953125,29.14417839050293,27.212703704833984,160.19000244140625,0.46686801314353943
2023-04-28,105.44999694824219,29340.26171875,1892.5128173828125,30.315412521362305,27.735454559326172,164.30999755859375,0.48027101159095764
2023-05-01,102.05000305175781,28091.568359375,1831.954833984375,29.573627471923828,28.89588737487793,161.8300018310547,0.4649659991264343
2023-05-02,103.62999725341797,28680.537109375,1870.789306640625,29.056339263916016,28.196226119995117,160.30999755859375,0.4649510085582733
2023-05-03,103.6500015258789,29006.30859375,1904.65185546875,29.915241241455078,27.788423538208008,160.61000061035156,0.4634940028190613
2023-05-04,104.0,28847.7109375,1877.7041015625,30.615955352783203,27.54854393005371,161.1999969482422,0.4615730047225952
2023-05-05,105.66000366210938,29534.384765625,1995.0609130859375,30.370952606201172,28.665996551513672,170.05999755859375,0.46779999136924744
2023-05-08,105.83000183105469,27694.2734375,1849.042724609375,30.15534782409668,29.13676643371582,171.7899932861328,0.42891499400138855
2023-05-09,106.62000274658203,27658.775390625,1848.6031494140625,29.498729705810547,28.55704689025879,169.14999389648438,0.4298880100250244
2023-05-10,110.19000244140625,27621.755859375,1842.4014892578125,29.371326446533203,28.870899200439453,168.5399932861328,0.43087300658226013
2023-05-11,112.18000030517578,27000.7890625,1796.4906005859375,28.283498764038086,28.56404685974121,172.0800018310547,0.42187899351119995
2023-05-12,110.26000213623047,26804.990234375,1808.019775390625,28.371702194213867,28.326162338256836,167.97999572753906,0.43071800470352173
2023-05-15,111.19999694824219,27192.693359375,1817.5499267578125,29.204723358154297,28.938865661621094,166.35000610351562,0.42756199836730957
2023-05-16,113.4000015258789,27036.650390625,1824.1214599609375,28.636308670043945,29.19873809814453,166.52000427246094,0.4414219856262207
2023-05-17,115.5,27398.802734375,1821.859619140625,28.293302536010742,30.163265228271484,173.86000061035156,0.4485889971256256
2023-05-18,118.1500015258789,26832.208984375,1801.728515625,29.087120056152344,31.662532806396484,176.88999938964844,0.46029898524284363
2023-05-19,116.25,26890.12890625,1812.5894775390625,29.33212661743164,31.248733520507812,180.13999938964844,0.4679819941520691
2023-05-22,115.01000213623047,26851.27734375,1817.5347900390625,29.67513656616211,31.160778045654297,188.8699951171875,0.46160098910331726
2023-05-23,114.98999786376953,27225.7265625,1854.380615234375,28.920516967773438,30.673017501831055,185.77000427246094,0.46542999148368835
2023-05-24,116.75,26334.818359375,1800.0999755859375,28.420703887939453,30.523090362548828,182.89999389648438,0.45360898971557617
2023-05-25,115.0,26476.20703125,1805.9537353515625,26.852664947509766,37.96146011352539,184.47000122070312,0.45373401045799255
2023-05-26,120.11000061035156,26719.291015625,1828.689697265625,28.420703887939453,38.92698669433594,193.1699981689453,0.4691399931907654
2023-05-30,121.66000366210938,27702.349609375,1901.026611328125,29.390928268432617,40.0914192199707,201.16000366210938,0.5219380259513855
2023-05-31,120.58000183105469,27219.658203125,1874.1304931640625,30.811962127685547,37.815528869628906,203.92999267578125,0.5173860192298889
2023-06-01,122.7699966430664,26819.97265625,1862.201416015625,30.508153915405273,39.75058364868164,207.52000427246094,0.5073170065879822
2023-06-02,124.25,27249.58984375,1907.256591796875,30.684560775756836,39.30780029296875,213.97000122070312,0.5253869891166687
2023-06-05,125.30000305175781,25760.09765625,1811.828369140625,29.263525009155273,39.15187454223633,217.61000061035156,0.5103939771652222
2023-06-06,126.61000061035156,27238.783203125,1884.494873046875,30.341550827026367,38.63512420654297,221.30999755859375,0.5304639935493469
2023-06-07,121.2300033569336,26345.998046875,1832.39599609375,30.655160903930664,37.46057891845703,224.57000732421875,0.5196279883384705
2023-06-08,124.25,26508.216796875,1846.3018798828125,31.184371948242188,38.49517822265625,234.86000061035156,0.5245460271835327
2023-06-09,123.43000030517578,26480.375,1840.2252197265625,30.713958740234375,38.75508117675781,244.39999389648438,0.5379170179367065
2023-06-12,126.56999969482422,25902.5,1742.5286865234375,32.40940856933594,39.466800689697266,249.8300018310547,0.52572101354599
2023-06-13,126.66000366210938,25918.728515625,1739.03759765625,33.23262405395508,41.0062141418457,258.7099914550781,0.5200859904289246
2023-06-14,126.41999816894531,25124.67578125,1650.519287109375,34.8692626953125,42.9804573059082,256.7900085449219,0.4802199900150299
2023-06-15,127.11000061035156,25576.39453125,1665.519775390625,35.104469299316406,42.63658905029297,255.89999389648438,0.4801180064678192
2023-06-16,125.48999786376953,26327.462890625,1716.6688232421875,35.64347839355469,42.67557144165039,260.5400085449219,0.47574299573898315
2023-06-20,125.77999877929688,28327.48828125,1792.1199951171875,34.300846099853516,43.791141510009766,274.45001220703125,0.4928700029850006
2023-06-21,124.83000183105469,30027.296875,1891.0072021484375,32.2427978515625,43.02843475341797,259.4599914550781,0.500694990158081
2023-06-22,130.14999389648438,29912.28125,1872.9429931640625,32.05659484863281,43.008445739746094,264.6099853515625,0.4949750006198883
2023-06-23,129.3300018310547,30695.46875,1892.862060546875,32.340797424316406,42.19275665283203,256.6000061035156,0.4965659976005554
2023-06-26,127.33000183105469,30271.130859375,1859.432861328125,32.67401123046875,40.616363525390625,241.0500030517578,0.47933200001716614
2023-06-27,129.17999267578125,30688.1640625,1889.703369140625,33.418827056884766,41.859886169433594,250.2100067138672,0.4838399887084961
2023-06-28,129.0399932861328,30086.24609375,1827.97119140625,32.8994140625,41.10117721557617,256.239990234375,0.46522200107574463
2023-06-29,127.9000015258789,30445.3515625,1852.227294921875,32.252601623535156,40.80628967285156,257.5,0.4747219979763031
2023-06-30,130.36000061035156,30477.251953125,1933.18896484375,32.772010803222656,42.28572082519531,261.7699890136719,0.4740369915962219
2023-07-03,130.22000122070312,31156.439453125,1955.38916015625,32.94841766357422,42.39667510986328,279.82000732421875,0.4895470142364502
2023-07-05,130.3800048828125,30514.166015625,1910.5880126953125,31.8605899810791,42.300716400146484,282.4800109863281,0.4782719910144806
2023-07-06,128.36000061035156,29909.337890625,1848.636474609375,31.331375122070312,42.08679962158203,276.5400085449219,0.4637390077114105
2023-07-07,129.77999877929688,30342.265625,1870.6025390625,31.213775634765625,42.48664093017578,274.42999267578125,0.468764990568161
2023-07-10,127.12999725341797,30414.470703125,1880.556396484375,32.085994720458984,42.16376495361328,269.6099853515625,0.4776639938354492
2023-07-11,128.77999877929688,30620.951171875,1878.3360595703125,32.634803771972656,42.38867950439453,269.7900085449219,0.47571900486946106
2023-07-12,130.8000030517578,30391.646484375,1872.11376953125,33.30122375488281,43.88510513305664,271.989990234375,0.47110500931739807
2023-07-13,134.3000030517578,31476.048828125,2006.511474609375,33.193424224853516,45.95930862426758,277.8999938964844,0.8153650164604187
2023-07-14,134.67999267578125,30334.068359375,1939.3470458984375,32.48780059814453,45.45150375366211,281.3800048828125,0.7191569805145264
2023-07-17,133.55999755859375,30145.888671875,1911.6461181640625,33.683433532714844,46.443119049072266,290.3800048828125,0.739205002784729
2023-07-18,132.8300018310547,29856.5625,1897.5992431640625,33.81084060668945,47.47572326660156,293.3399963378906,0.7795400023460388
2023-07-19,135.36000061035156,29913.923828125,1889.0079345703125,33.771629333496094,47.05888366699219,291.260009765625,0.8206940293312073
2023-07-20,129.9600067138672,29792.015625,1890.9691162109375,32.70341491699219,45.502479553222656,262.8999938964844,0.7940580248832703
2023-07-21,130.0,29908.744140625,1892.080078125,33.34042739868164,44.29194641113281,260.0199890136719,0.7725020051002502
2023-07-24,128.8000030517578,29176.916015625,1850.0020751953125,32.95821762084961,44.59483337402344,269.05999755859375,0.7027649879455566
2023-07-25,129.1300048828125,29227.390625,1857.741943359375,33.418827056884766,45.66142272949219,265.2799987792969,0.7095999717712402
2023-07-26,128.14999389648438,29354.97265625,1872.159912109375,33.67363739013672,45.434513092041016,264.3500061035156,0.7157989740371704
2023-07-27,128.25,29210.689453125,1860.357177734375,33.85983657836914,45.88233947753906,255.7100067138672,0.7136459946632385
2023-07-28,132.2100067138672,29319.24609375,1874.744873046875,36.09429168701172,46.73201370239258,266.44000244140625,0.7125679850578308
2023-07-31,133.67999267578125,29230.111328125,1856.162353515625,35.05546569824219,46.71101379394531,267.42999267578125,0.6985210180282593
2023-08-01,131.69000244140625,29675.732421875,1871.7921142578125,35.08486557006836,46.48910140991211,261.07000732421875,0.7072110176086426
2023-08-02,128.2100067138672,29151.958984375,1839.0897216796875,33.70303726196289,44.25196838378906,254.11000061035156,0.6851950287818909
2023-08-03,128.91000366210938,29178.6796875,1835.136474609375,34.17344284057617,44.49787139892578,259.32000732421875,0.6641349792480469
2023-08-04,139.57000732421875,29074.091796875,1827.712890625,34.56195068359375,44.662803649902344,253.86000061035156,0.6355389952659607
2023-08-07,142.22000122070312,29180.578125,1826.9388427734375,34.65046691894531,45.3995246887207,251.4499969482422,0.6219310164451599
2023-08-08,139.94000244140625,29765.4921875,1855.807373046875,34.44392395019531,44.646820068359375,249.6999969482422,0.6424059867858887
2023-08-09,137.85000610351562,29561.494140625,1854.297607421875,33.716094970703125,42.53762435913086,242.19000244140625,0.6433650255203247
2023-08-10,138.55999755859375,29429.591796875,1850.75341796875,34.10951614379883,42.3716926574707,245.33999633789062,0.6329860091209412
2023-08-11,138.41000366210938,29397.71484375,1847.1243896484375,34.31605911254883,40.83928298950195,242.64999389648438,0.6316750049591064
2023-08-14,140.57000732421875,29408.443359375,1844.185791015625,35.09306716918945,43.73616027832031,239.75999450683594,0.6342819929122925
2023-08-15,137.6699981689453,29170.34765625,1826.9327392578125,34.198036193847656,43.923091888427734,232.9600067138672,0.6095989942550659
2023-08-16,135.07000732421875,28701.779296875,1805.6590576171875,32.978431701660156,43.46926498413086,225.60000610351562,0.5883280038833618
2023-08-17,133.97999572753906,26664.55078125,1684.9334716796875,32.044063568115234,43.32732009887695,219.22000122070312,0.5071420073509216
2023-08-18,133.22000122070312,26049.556640625,1660.945068359375,32.211265563964844,43.2823371887207,215.49000549316406,0.5060999989509583
2023-08-21,134.67999267578125,26124.140625,1667.26904296875,32.5948486328125,46.94892501831055,231.27999877929688,0.524537980556488
2023-08-22,134.25,26031.65625,1633.892578125,32.34896469116211,45.65042495727539,233.19000244140625,0.5209299921989441
2023-08-23,135.52000427246094,26431.640625,1679.2744140625,33.4210319519043,47.09787368774414,236.86000061035156,0.5299019813537598
2023-08-24,131.83999633789062,26162.373046875,1659.944580078125,32.05389404296875,47.14485168457031,230.0399932861328,0.5184130072593689
2023-08-25,133.25999450683594,26047.66796875,1652.93505859375,32.703041076660156,46.00028991699219,238.58999633789062,0.5262460112571716
2023-08-28,133.13999938964844,26106.150390625,1652.4573974609375,33.066951751708984,46.816978454589844,238.82000732421875,0.523248016834259
2023-08-29,134.91000366210938,27727.392578125,1729.7257080078125,33.74560546875,48.765228271484375,257.17999267578125,0.5400649905204773
2023-08-30,135.07000732421875,27297.265625,1705.1121826171875,33.96198272705078,49.24504470825195,256.8999938964844,0.528194010257721
2023-08-31,138.00999450683594,25931.47265625,1645.63916015625,34.56195068359375,49.33600997924805,258.0799865722656,0.510798990726471
2023-09-01,138.1199951171875,25800.724609375,1628.4912109375,36.00777053833008,48.49032974243164,245.00999450683594,0.498075008392334
2023-09-05,137.27000427246094,25779.982421875,1633.62939453125,36.10612106323242,48.529319763183594,256.489990234375,0.5054110288619995
2023-09-06,135.36000061035156,25753.236328125,1632.2523193359375,36.37167739868164,47.04676818847656,251.9199981689453,0.5032430291175842
2023-09-07,137.85000610351562,26240.1953125,1647.5982666015625,37.55194091796875,46.227012634277344,251.49000549316406,0.5048570036888123
2023-09-08,138.22999572753906,25905.654296875,1636.1378173828125,37.384735107421875,45.5582160949707,248.5,0.5048499703407288
2023-09-11,143.10000610351562,25162.654296875,1551.6376953125,37.955196380615234,45.16433334350586,273.5799865722656,0.474373996257782
2023-09-12,141.22999572753906,25833.34375,1592.429443359375,38.22075271606445,44.85642623901367,267.4800109863281,0.4807380139827728
2023-09-13,144.85000610351562,26228.32421875,1607.988525390625,38.07322311401367,45.47124481201172,271.29998779296875,0.48377498984336853
2023-09-14,144.72000122070312,26539.673828125,1626.974365234375,38.033878326416016,45.56721496582031,276.0400085449219,0.48945701122283936
2023-09-15,140.38999938964844,26608.693359375,1641.640380859375,37.256874084472656,43.886722564697266,274.3900146484375,0.5008749961853027
2023-09-18,139.97999572753906,26754.28125,1637.3470458984375,37.36506652832031,43.952701568603516,265.2799987792969,0.5032029747962952
2023-09-19,137.6300048828125,27211.1171875,1643.544677734375,35.742210388183594,43.5068359375,266.5,0.5141509771347046
2023-09-20,135.2899932861328,27132.0078125,1622.890625,34.11935043334961,42.226226806640625,262.5899963378906,0.5213549733161926
2023-09-21,129.3300018310547,26567.6328125,1584.3070068359375,34.080013275146484,41.00459289550781,255.6999969482422,0.5071790218353271
2023-09-22,129.1199951171875,26579.568359375,1593.268310546875,33.617740631103516,41.597412109375,244.8800048828125,0.5125100016593933
2023-09-25,131.27000427246094,26298.48046875,1588.3228759765625,33.72593307495117,42.209228515625,246.99000549316406,0.5054609775543213
2023-09-26,125.9800033569336,26217.25,1593.417236328125,33.27349853515625,41.89832305908203,244.1199951171875,0.5017079710960388
2023-09-27,125.9800033569336,26352.716796875,1597.4912109375,34.04066848754883,42.45515441894531,240.5,0.4995970129966736
2023-09-28,125.9800033569336,27021.546875,1652.8826904296875,34.601287841796875,43.075965881347656,246.3800048828125,0.5095250010490417
2023-09-29,127.12000274658203,26911.720703125,1667.94384765625,34.965206146240234,43.48584747314453,250.22000122070312,0.5217189788818359
2023-10-02,129.4600067138672,27530.78515625,1663.6275634765625,34.876686096191406,44.768455505371094,251.60000610351562,0.51283198595047
2023-10-03,124.72000122070312,27429.978515625,1656.6856689453125,35.10289764404297,43.50383377075195,246.52999877929688,0.5383870005607605
2023-10-04,127.0,27799.39453125,1647.838134765625,35.338951110839844,44.027679443359375,261.1600036621094,0.5329310297966003
2023-10-05,125.95999908447266,27415.912109375,1611.4764404296875,35.29961013793945,44.67448043823242,260.04998779296875,0.5233659744262695
2023-10-06,127.95999908447266,27946.59765625,1645.83154296875,35.59467315673828,45.7481575012207,260.5299987792969,0.5261930227279663
2023-10-09,128.25999450683594,27583.677734375,1579.806640625,35.46681594848633,45.25930404663086,259.6700134277344,0.5032269954681396
2023-10-10,129.47999572753906,27391.01953125,1567.7130126953125,35.83073043823242,45.784149169921875,263.6199951171875,0.497435986995697
2023-10-11,131.8300018310547,26873.3203125,1566.2547607421875,36.2733268737793,46.791839599609375,262.989990234375,0.48883798718452454
2023-10-12,132.3300018310547,26756.798828125,1539.6124267578125,36.23398208618164,46.9307975769043,258.8699951171875,0.48304998874664307
2023-10-13,129.7899932861328,26862.375,1552.0894775390625,35.378299713134766,45.44724655151367,251.1199951171875,0.48569899797439575
2023-10-16,132.5500030517578,28519.466796875,1600.5343017578125,35.95859146118164,46.08106231689453,253.9199981689453,0.49797698855400085
2023-10-17,131.47000122070312,28415.748046875,1565.4395751953125,35.46681594848633,43.924713134765625,254.85000610351562,0.49169400334358215
2023-10-18,128.1300048828125,28328.341796875,1563.7498779296875,35.0537223815918,42.1832389831543,242.67999267578125,0.4883190095424652
2023-10-19,128.39999389648438,28719.806640625,1567.45703125,35.083229064941406,42.0882682800293,220.11000061035156,0.52012699842453
2023-10-20,125.16999816894531,29682.94921875,1604.6668701171875,34.34556579589844,41.374481201171875,211.99000549316406,0.5160040259361267
2023-10-23,126.55999755859375,33086.234375,1765.3826904296875,33.29317092895508,42.96200180053711,212.0800018310547,0.5468699932098389
2023-10-24,128.55999755859375,33901.52734375,1784.4375,34.02099609375,43.6497917175293,216.52000427246094,0.5585319995880127
2023-10-25,121.38999938964844,34502.8203125,1787.3975830078125,32.28995132446289,41.766361236572266,212.4199981689453,0.5553060173988342
2023-10-26,119.56999969482422,34156.6484375,1804.039306640625,31.985048294067383,40.313804626464844,205.75999450683594,0.5536829829216003
2023-10-27,127.73999786376953,33909.80078125,1780.0452880859375,34.95536804199219,40.48775100708008,207.3000030517578,0.5461069941520691
2023-10-30,132.7100067138672,34502.36328125,1810.088623046875,35.10289764404297,41.1485481262207,197.36000061035156,0.5789440274238586
2023-10-31,133.08999633789062,34667.78125,1816.458984375,35.89957809448242,40.76766586303711,200.83999633789062,0.6002820134162903
2023-11-01,137.0,35437.25390625,1847.0897216796875,36.67658233642578,42.31220245361328,205.66000366210938,0.6095380187034607
2023-11-02,138.07000732421875,34938.2421875,1800.6209716796875,37.079837799072266,43.49283981323242,218.50999450683594,0.6064389944076538
2023-11-03,138.60000610351562,34732.32421875,1832.795166015625,37.51259994506836,44.991390228271484,219.9600067138672,0.6130020022392273
2023-11-06,139.74000549316406,35037.37109375,1899.83740234375,37.44845962524414,45.737159729003906,219.27000427246094,0.715516984462738
2023-11-07,142.7100067138672,35443.5625,1888.124267578125,38.25762176513672,45.941104888916016,222.17999267578125,0.6864020228385925
2023-11-08,142.0800018310547,35655.27734375,1889.3223876953125,37.418853759765625,46.559913635253906,222.11000061035156,0.6880760192871094
2023-11-09,140.60000610351562,36693.125,2120.56103515625,37.30044174194336,46.93579864501953,209.97999572753906,0.6674749851226807
2023-11-10,143.55999755859375,37313.96875,2078.289794921875,38.346431732177734,48.32038116455078,214.64999389648438,0.6605749726295471
2023-11-13,142.58999633789062,36502.35546875,2055.265380859375,37.724754333496094,48.60529327392578,223.7100067138672,0.6715239882469177
2023-11-14,145.8000030517578,35537.640625,1979.0526123046875,38.889163970947266,49.6409797668457,237.41000366210938,0.6296730041503906
2023-11-15,143.1999969482422,37880.58203125,2060.408447265625,40.073307037353516,48.87321472167969,242.83999633789062,0.6496480107307434
2023-11-16,142.8300018310547,36154.76953125,1960.881591796875,42.77709197998047,49.46503829956055,233.58999633789062,0.61216801404953
2023-11-17,145.17999267578125,36596.68359375,1961.28076171875,43.231014251708984,49.2830924987793,234.3000030517578,0.6137170195579529
2023-11-20,146.1300048828125,37476.95703125,2022.2391357421875,44.14872741699219,50.39375305175781,235.60000610351562,0.6128420233726501
2023-11-21,143.89999389648438,35813.8125,1937.0667724609375,43.063262939453125,49.92889404296875,241.1999969482422,0.5804619789123535
2023-11-22,146.7100067138672,37432.33984375,2064.42529296875,43.09286117553711,48.701263427734375,234.2100067138672,0.6118990182876587
2023-11-24,146.74000549316406,37720.28125,2081.152099609375,43.3790283203125,47.76155471801758,235.4499969482422,0.6218810081481934
2023-11-27,147.72999572753906,37254.16796875,2027.4173583984375,43.49745178222656,48.22740936279297,236.0800018310547,0.6041529774665833
2023-11-28,147.02999877929688,37831.0859375,2049.338134765625,43.64546203613281,47.80653762817383,246.72000122070312,0.6114220023155212
2023-11-29,146.32000732421875,37858.4921875,2029.92919921875,44.3460807800293,48.12544250488281,244.13999938964844,0.609358012676239
2023-11-30,146.08999633789062,37712.74609375,2052.55615234375,44.1092529296875,46.75585174560547,240.0800018310547,0.606357991695404
2023-12-01,147.02999877929688,38688.75,2087.139892578125,43.16193771362305,46.750850677490234,238.8300018310547,0.6129149794578552
2023-12-04,144.83999633789062,41980.09765625,2243.2158203125,41.790306091308594,45.49623107910156,235.5800018310547,0.6243739724159241
2023-12-05,146.8800048828125,44080.6484375,2293.841796875,41.365989685058594,46.55601119995117,238.72000122070312,0.6219969987869263
2023-12-06,144.52000427246094,43746.4453125,2231.661376953125,40.72458267211914,45.49323272705078,239.3699951171875,0.6403329968452454
2023-12-07,146.8800048828125,43292.6640625,2357.57958984375,41.59295654296875,46.586002349853516,242.63999938964844,0.6436319947242737
2023-12-08,147.4199981689453,44166.6015625,2358.73193359375,42.135684967041016,47.49580764770508,243.83999633789062,0.6731380224227905
2023-12-11,145.88999938964844,41243.83203125,2224.578857421875,43.95136642456055,46.61699676513672,239.74000549316406,0.6202110052108765
2023-12-12,147.47999572753906,41450.22265625,2202.0380859375,43.45797348022461,47.64677429199219,237.00999450683594,0.6195489764213562
2023-12-13,148.83999633789062,42890.7421875,2260.648681640625,43.9809684753418,48.07768630981445,239.2899932861328,0.6284859776496887
2023-12-14,147.4199981689453,43023.97265625,2316.5791015625,44.582908630371094,48.339622497558594,251.0500030517578,0.6324319839477539
2023-12-15,149.97000122070312,41929.7578125,2219.33740234375,45.549957275390625,48.87950897216797,253.5,0.6154919862747192
2023-12-18,154.07000732421875,42623.5390625,2217.2734375,45.0861701965332,50.066253662109375,252.0800018310547,0.612529993057251
2023-12-19,153.7899932861328,42270.52734375,2177.87255859375,46.04335021972656,49.59335708618164,257.2200012207031,0.6054559946060181
2023-12-20,152.1199951171875,43652.25,2201.911376953125,45.15523910522461,48.10067367553711,247.13999938964844,0.6173189878463745
2023-12-21,153.83999633789062,43869.15234375,2239.54248046875,46.457801818847656,48.9794921875,254.5,0.6239100098609924
2023-12-22,153.4199981689453,43997.90234375,2326.52490234375,47.365638732910156,48.81952667236328,252.5399932861328,0.6254019737243652
2023-12-26,153.41000366210938,42520.40234375,2231.46533203125,49.832603454589844,49.26842498779297,256.6099853515625,0.6223689913749695
2023-12-27,153.33999633789062,43442.85546875,2378.739990234375,50.08916473388672,49.406394958496094,261.44000244140625,0.6348559856414795
2023-12-28,153.3800048828125,42627.85546875,2347.566162109375,49.72405242919922,49.511375427246094,253.17999267578125,0.6349980235099792
2023-12-29,151.94000244140625,42099.40234375,2300.690673828125,49.58590316772461,49.511375427246094,248.47999572753906,0.6234019994735718
